Transaction ID,Day,Month,Year,Day Name,Brand,Units Sold,Price Per Unit,Customer Name,Customer Age,City,Payment Method,Customer Ratings,Mobile Model
1,9,10,2021,Sat,Xiaomi,6,10174.7,Lalita Ahuja,38,Ludhiana,UPI,5,Redmi Note 10
2,9,10,2021,Saturday,Vivo,6,10565.19,Sneha Sharma,37,Delhi,Credit Card,3,Vivo Y51
3,9,10,2021,Saturday,Vivo,8,58527.58,Radha Srivastava,40,Mumbai,UPI,5,Vivo S1
4,10,10,2021,Sunday,Xiaomi,5,25563.98,Bhavana Arora,21,Mumbai,Credit Card,4,Mi 11
5,10,10,2021,Sunday,OnePlus,3,48168.02,Sneha Mehta,38,Gorakhpur,Cash,5,OnePlus 9
6,10,10,2021,Sunday,Samsung,3,37252.87,Reena Mehta,38,Jodhpur,UPI,3,Galaxy Note 20
7,10,10,2021,Sun,OnePlus,6,61805.8,Pankaj Alva,18,Delhi,Cash,4,OnePlus Nord
8,11,10,2021,Monday,Apple,2,65017.67,Mala Rawat,32,Vadodara,Cash,3,iPhone 12
9,11,10,2021,Mon,Vivo,6,69808.46,Pankaj Varma,34,Delhi,UPI,5,Vivo Y51
10,11,10,2021,Monday,Samsung,6,19221.05,Yogesh Sharma,31,Mumbai,Debit Card,2,Galaxy A51
11,12,10,2021,Tuesday,Samsung,8,61777.84,Radha Sharma,36,Madurai,Credit Card,5,Galaxy A51
12,12,10,2021,Tuesday,Apple,7,25961.28,Namita Roy,51,Delhi,UPI,4,iPhone 12
13,12,10,2021,Tuesday,Apple,8,45448.95,Ramesh Joshi,23,Mumbai,Cash,5,iPhone 12
14,13,10,2021,Wed,Xiaomi,9,40346.37,Arun Iyer,23,Hyderabad,Credit Card,2,Redmi Note 10
15,13,10,2021,Wednesday,Vivo,6,11079.29,Manoj Siddiqui,22,Chennai,Cash,5,Vivo V20
16,13,10,2021,Wednesday,Vivo,3,65966.28,Anjali Gupta,24,Mumbai,Credit Card,2,Vivo Y51
17,14,10,2021,Thursday,OnePlus,3,14699.62,Ramesh Rao,50,Coimbatore,UPI,4,OnePlus Nord
18,14,10,2021,Thu,Xiaomi,1,51293.14,Anand Pillai,30,Delhi,Cash,3,Redmi Note 10
19,14,10,2021,Thursday,Xiaomi,5,57100.41,Kiran Rawat,18,Mumbai,Credit Card,4,Redmi Note 10
20,14,10,2021,Thursday,Xiaomi,4,57717.27,Harish Kaur,30,Mumbai,Credit Card,5,Redmi Note 10
21,15,10,2021,Friday,Xiaomi,9,18129.67,Manoj Luthra,44,Coimbatore,UPI,4,Mi 11
22,15,10,2021,Friday,Vivo,9,36854.2,Jyoti Roy,24,Vadodara,Credit Card,5,Vivo S1
23,15,10,2021,Fri,Vivo,5,59765.73,Rajesh Sheth,20,Kolkata,Credit Card,5,Vivo S1
24,16,10,2021,Saturday,Xiaomi,4,28160.75,Mala Ghosh,42,Mumbai,Cash,5,Redmi Note 10
25,16,10,2021,Saturday,OnePlus,7,38064.92,Reena Teja,50,Delhi,UPI,2,OnePlus Nord
26,16,10,2021,Saturday,Samsung,6,26367.63,Bhavana Dutta,57,Delhi,UPI,5,Galaxy Note 20
27,17,10,2021,Sunday,Samsung,4,37813.09,Yogesh Ahuja,34,Delhi,Cash,4,Galaxy A51
28,17,10,2021,Sunday,OnePlus,2,63270.28,Isha Desai,31,Vadodara,Debit Card,4,OnePlus 9
29,17,10,2021,Sunday,Xiaomi,1,37307.45,Tapan Shah,54,Delhi,Cash,4,Redmi 9
30,18,10,2021,Mon,Vivo,4,43354.72,Vinod Pathak,40,Delhi,Cash,5,Vivo Y51
31,18,10,2021,Monday,Samsung,4,34238.58,Bhavana Siddiqui,41,Ludhiana,Debit Card,2,Galaxy Note 20
32,18,10,2021,Monday,Apple,1,37607.03,Meena Mathur,46,Mumbai,Credit Card,5,iPhone SE
33,18,10,2021,Monday,Apple,6,10910.45,Sumit Pillai,55,Rajkot,UPI,3,iPhone SE
34,19,10,2021,Tuesday,OnePlus,4,27024.73,Vinod Dutta,44,Mumbai,UPI,5,OnePlus 9
35,19,10,2021,Tuesday,Xiaomi,1,36194.9,Shruti Bhatnagar,55,Kanpur,Debit Card,4,Redmi Note 10
36,19,10,2021,Tuesday,Samsung,1,48027.82,Pankaj Shah,57,Kolkata,UPI,3,Galaxy S21
37,20,10,2021,Wednesday,Xiaomi,1,37003.12,Deepika Verma,40,Coimbatore,Debit Card,3,Redmi 9
38,20,10,2021,Wednesday,Samsung,8,30269.02,Sanjay Joshi,48,Ludhiana,Credit Card,5,Galaxy Note 20
39,20,10,2021,Wednesday,OnePlus,8,33285.92,Umesh Goyal,53,Delhi,Debit Card,5,OnePlus 8T
40,21,10,2021,Thursday,OnePlus,2,24537.6,Rajesh Verma,34,Delhi,UPI,5,OnePlus Nord
41,21,10,2021,Thursday,Apple,7,65469.66,Pooja Rao,54,Delhi,UPI,5,iPhone 11
42,21,10,2021,Thursday,Xiaomi,8,41304.59,Jyoti Mishra,20,Mumbai,Debit Card,2,Mi 11
43,22,10,2021,Friday,Apple,8,10804.57,Sachin Desai,53,Ludhiana,UPI,5,iPhone SE
44,22,10,2021,Friday,Xiaomi,7,11166.78,Manoj Jain,22,Rajkot,Debit Card,5,Mi 11
45,22,10,2021,Friday,Apple,5,68377.7,Deepika Shah,32,Chennai,UPI,5,iPhone SE
46,23,10,2021,Saturday,Vivo,1,23287.05,Priyanka Pillai,23,Madurai,Cash,5,Vivo V20
47,23,10,2021,Saturday,Vivo,9,58336.5,Pooja Arora,27,Delhi,Credit Card,5,Vivo Y51
48,23,10,2021,Saturday,Vivo,7,13496.52,Tanuja Prasad,49,Bhopal,UPI,5,Vivo S1
49,23,10,2021,Sat,Vivo,2,65269.76,Monika Thakur,40,Mumbai,UPI,5,Vivo Y51
50,24,10,2021,Sun,Samsung,6,62465.02,Anand Nair,34,Madurai,UPI,2,Galaxy Note 20
51,24,10,2021,Sun,Vivo,2,44265.59,Vinod Kaur,37,Ranchi,Debit Card,5,Vivo V20
52,24,10,2021,Sun,OnePlus,1,10539.92,Yogesh Roy,58,Delhi,UPI,5,OnePlus Nord
53,25,10,2021,Mon,OnePlus,7,25468.65,Krishna Mehta,32,Lucknow,Debit Card,5,OnePlus 9
54,25,10,2021,Monday,Samsung,2,34409.36,Mala Malhotra,39,Bhopal,UPI,2,Galaxy Note 20
55,25,10,2021,Monday,Vivo,2,37603.85,Sunita Thakur,23,Mumbai,Cash,2,Vivo Y51
56,25,10,2021,Monday,Vivo,5,27860.73,Kavita Sheth,21,Delhi,Cash,5,Vivo Y51
57,26,10,2021,Tuesday,Vivo,5,11976.87,Anjali Roy,40,Kolkata,Credit Card,5,Vivo S1
58,26,10,2021,Tuesday,Apple,7,45407.64,Shruti Dutta,36,Delhi,Debit Card,4,iPhone 12
59,26,10,2021,Tue,Xiaomi,1,41449.28,Devendra Jain,48,Kanpur,Credit Card,5,Redmi 9
60,26,10,2021,Tue,Apple,8,26980.04,Jyoti Bhattacharya,20,Kanpur,UPI,2,iPhone 11
61,27,10,2021,Wed,Xiaomi,3,12278.56,Kavita Srivastava,45,Mumbai,UPI,4,Redmi Note 10
62,27,10,2021,Wed,Vivo,4,69675.65,Radha Mathur,20,Madurai,Cash,5,Vivo Y51
63,27,10,2021,Wed,Vivo,9,38919.17,Lata Shah,31,Gorakhpur,Credit Card,5,Vivo V20
64,27,10,2021,Wed,Apple,4,55360.25,Sumit Ghosh,35,Ludhiana,UPI,4,iPhone SE
65,28,10,2021,Thu,Apple,5,37138.84,Tanuja Dutta,44,Kanpur,UPI,5,iPhone SE
66,28,10,2021,Thu,Xiaomi,7,12590.22,Ramesh Kumar,27,Ludhiana,Debit Card,4,Redmi 9
67,28,10,2021,Thu,OnePlus,4,28576.04,Sunil Luthra,32,Indore,UPI,5,OnePlus Nord
68,29,10,2021,Fri,Xiaomi,1,29206.61,Kavita Solanki,36,Kanpur,Credit Card,5,Redmi 9
69,29,10,2021,Fri,Apple,9,60301.17,Meena Thakur,26,Chennai,Cash,5,iPhone 12
70,29,10,2021,Friday,Apple,4,49253.8,Pooja Reddy,21,Delhi,Cash,5,iPhone 12
71,29,10,2021,Friday,Samsung,9,26525.79,Ayesha Ghosh,32,Ranchi,UPI,3,Galaxy Note 20
72,30,10,2021,Saturday,Apple,6,68064.4,Yogesh Ahuja,25,Patna,UPI,4,iPhone 12
73,30,10,2021,Saturday,Samsung,1,29292.51,Nikhil Bhattacharya,18,Delhi,UPI,5,Galaxy Note 20
74,30,10,2021,Saturday,OnePlus,3,69894.04,Sunil Das,24,Delhi,Debit Card,4,OnePlus Nord
75,31,10,2021,Sunday,Xiaomi,2,69769.82,Shruti Iyer,48,Mumbai,UPI,3,Redmi Note 10
76,31,10,2021,Sunday,Xiaomi,9,21472.63,Sunita Arora,35,Mumbai,UPI,5,Redmi Note 10
77,31,10,2021,Sunday,Samsung,1,28764.47,Deepika Deshmukh,29,Mumbai,Debit Card,3,Galaxy A51
78,31,10,2021,Sunday,Xiaomi,9,39162.65,Kiran Malhotra,47,Chennai,Credit Card,2,Redmi 9
79,1,11,2021,Monday,Apple,9,49846.04,Bina Mishra,50,Lucknow,Debit Card,3,iPhone SE
80,1,11,2021,Monday,Vivo,8,41682.85,Monika Srivastava,24,Chennai,Cash,5,Vivo Y51
81,1,11,2021,Monday,Samsung,8,68166.49,Prashant Dutta,45,Gorakhpur,Debit Card,5,Galaxy Note 20
82,1,11,2021,Monday,Xiaomi,1,53439.35,Vinod Pathak,20,Bhopal,Debit Card,5,Redmi Note 10
83,2,11,2021,Tuesday,Samsung,8,22722.69,Sunil Luthra,23,Delhi,Credit Card,4,Galaxy A51
84,2,11,2021,Tuesday,Samsung,3,16305.85,Sunil Kapoor,48,Delhi,Credit Card,2,Galaxy S21
85,2,11,2021,Tuesday,Vivo,7,51304.08,Namita Roy,55,Delhi,UPI,4,Vivo S1
86,2,11,2021,Tuesday,Apple,1,19507.15,Sneha Mishra,32,Bangalore,Debit Card,5,iPhone SE
87,3,11,2021,Wednesday,Samsung,1,57260.61,Sanjay Bhattacharya,24,Patna,Credit Card,5,Galaxy A51
88,3,11,2021,Wednesday,Xiaomi,5,28662.2,Sneha Rao,47,Delhi,Cash,3,Redmi 9
89,3,11,2021,Wednesday,OnePlus,5,29613.6,Namita Bhatnagar,44,Delhi,UPI,5,OnePlus Nord
90,3,11,2021,Wednesday,Samsung,8,10647.9,Pooja Roy,34,Delhi,Debit Card,5,Galaxy Note 20
91,4,11,2021,Thursday,Samsung,7,52060.68,Devendra Jain,35,Jodhpur,Cash,5,Galaxy S21
92,4,11,2021,Thursday,Vivo,8,16796.19,Neeta Sharma,39,Bangalore,Credit Card,5,Vivo S1
93,4,11,2021,Thursday,Apple,6,56372.83,Sumit Sheth,43,Indore,UPI,3,iPhone 11
94,4,11,2021,Thursday,OnePlus,6,39512.07,Bina Deshmukh,44,Mumbai,Cash,4,OnePlus 8T
95,5,11,2021,Friday,Xiaomi,2,57056.79,Ravi Arora,57,Mumbai,Debit Card,2,Redmi 9
96,5,11,2021,Friday,OnePlus,6,45035.59,Anjali Pathak,41,Ranchi,Cash,4,OnePlus Nord
97,5,11,2021,Friday,Xiaomi,5,14946,Rajesh Menon,25,Madurai,UPI,3,Mi 11
98,5,11,2021,Friday,Apple,3,55939.14,Reena Chatterjee,38,Hyderabad,Debit Card,5,iPhone SE
99,6,11,2021,Saturday,Xiaomi,6,14187.97,Nikhil Pathak,46,Patna,Debit Card,4,Mi 11
100,6,11,2021,Saturday,Vivo,8,38722.1,Krishna Bhattacharya,38,Gorakhpur,Cash,2,Vivo S1
101,6,11,2021,Saturday,Vivo,9,20340.95,Ayesha Thakur,20,Indore,UPI,3,Vivo Y51
102,6,11,2021,Saturday,Vivo,1,55140.11,Bina Nair,48,Ludhiana,Debit Card,5,Vivo S1
103,7,11,2021,Sunday,Vivo,3,64695.47,Krishna Malhotra,44,Vadodara,UPI,3,Vivo Y51
104,7,11,2021,Sunday,OnePlus,3,43247.57,Mala Das,44,Gorakhpur,Credit Card,5,OnePlus 9
105,7,11,2021,Sunday,Apple,8,41628.84,Anita Bhattacharya,26,Ranchi,Cash,2,iPhone SE
106,7,11,2021,Sunday,Xiaomi,1,55837.79,Nikhil Solanki,50,Mumbai,UPI,3,Redmi 9
107,8,11,2021,Monday,Xiaomi,5,10304.73,Shruti Bhatnagar,50,Indore,Credit Card,5,Mi 11
108,8,11,2021,Monday,Vivo,3,65065.52,Kiran Goyal,43,Delhi,Credit Card,5,Vivo S1
109,8,11,2021,Monday,Vivo,2,21846.93,Kiran Prasad,45,Rajkot,UPI,3,Vivo V20
110,9,11,2021,Tuesday,Samsung,8,69047.13,Sunil Jain,48,Gorakhpur,UPI,5,Galaxy S21
111,9,11,2021,Tuesday,Apple,3,54175.24,Manoj Rathod,18,Bhopal,Cash,3,iPhone 11
112,9,11,2021,Tuesday,OnePlus,7,56455.07,Tapan Gupta,37,Gorakhpur,Cash,5,OnePlus 8T
113,10,11,2021,Wednesday,Xiaomi,1,49372.18,Anjali Pathak,29,Delhi,Debit Card,3,Redmi 9
114,10,11,2021,Wednesday,Samsung,6,38299.79,Isha Desai,34,Kanpur,Cash,5,Galaxy Note 20
115,10,11,2021,Wednesday,Samsung,3,44297.66,Vinod Goyal,32,Mumbai,UPI,4,Galaxy S21
116,10,11,2021,Wednesday,Xiaomi,8,12784.17,Krishna Rathod,51,Delhi,Debit Card,3,Redmi Note 10
117,11,11,2021,Thursday,OnePlus,6,47437.57,Jyoti Alva,33,Delhi,Credit Card,5,OnePlus Nord
118,11,11,2021,Thursday,Samsung,2,47565.89,Pankaj Mehta,21,Delhi,Credit Card,3,Galaxy S21
119,11,11,2021,Thursday,Samsung,6,63472.05,Anjali Srivastava,25,Gorakhpur,UPI,5,Galaxy Note 20
120,11,11,2021,Thursday,Apple,7,40339.38,Anita Pathak,51,Chennai,Debit Card,2,iPhone SE
121,12,11,2021,Friday,OnePlus,5,14628.66,Arun Verma,42,Kolkata,Debit Card,3,OnePlus Nord
122,12,11,2021,Friday,Samsung,3,28371.76,Yogesh Luthra,32,Hyderabad,Cash,5,Galaxy A51
123,12,11,2021,Friday,OnePlus,4,49337.76,Sachin Joshi,45,Mumbai,Credit Card,5,OnePlus 8T
124,12,11,2021,Friday,Xiaomi,4,24355.53,Sumit Arora,26,Delhi,Credit Card,2,Redmi 9
125,13,11,2021,Saturday,Vivo,6,26831.67,Sunil Rawat,19,Delhi,Cash,3,Vivo S1
126,13,11,2021,Saturday,Samsung,1,59228.14,Pankaj Desai,34,Rajkot,Credit Card,4,Galaxy S21
127,13,11,2021,Saturday,Apple,4,45059.18,Kiran Solanki,27,Delhi,Cash,5,iPhone 12
128,14,11,2021,Sunday,Xiaomi,4,40511.65,Prashant Luthra,26,Madurai,Credit Card,5,Redmi 9
129,14,11,2021,Sunday,OnePlus,1,29107.12,Meena Mathur,48,Rajkot,Credit Card,5,OnePlus 8T
130,14,11,2021,Sunday,Xiaomi,9,53855.68,Kavita Patel,19,Chennai,Credit Card,5,Mi 11
131,14,11,2021,Sunday,Samsung,4,27263.11,Sanjay Pathak,41,Jodhpur,Cash,3,Galaxy Note 20
132,15,11,2021,Monday,OnePlus,7,54223.81,Ravi Ghosh,36,Ranchi,Credit Card,5,OnePlus 8T
133,15,11,2021,Monday,Vivo,3,14206.09,Vinod Joshi,34,Coimbatore,Credit Card,3,Vivo V20
134,15,11,2021,Monday,Xiaomi,3,61872.48,Tanuja Goyal,27,Mumbai,Debit Card,4,Mi 11
135,16,11,2021,Tuesday,Samsung,8,39973.99,Pankaj Desai,45,Mumbai,Credit Card,3,Galaxy Note 20
136,16,11,2021,Tuesday,Apple,8,36310.48,Isha Desai,55,Delhi,UPI,3,iPhone SE
137,16,11,2021,Tuesday,OnePlus,1,46661.4,Krishna Jain,45,Bangalore,Credit Card,3,OnePlus 8T
138,17,11,2021,Wednesday,Xiaomi,2,47451.52,Tanuja Mathur,18,Delhi,Credit Card,5,Mi 11
139,17,11,2021,Wednesday,Xiaomi,8,17922.11,Anand Kapoor,20,Mumbai,Debit Card,2,Mi 11
140,17,11,2021,Wednesday,Vivo,1,55374.02,Neeta Kulkarni,32,Mumbai,Debit Card,5,Vivo Y51
141,18,11,2021,Thursday,Vivo,8,26555.7,Sachin Varma,27,Lucknow,Cash,5,Vivo V20
142,18,11,2021,Thursday,Apple,8,64297.71,Sumit Verma,38,Patna,Cash,5,iPhone SE
143,18,11,2021,Thursday,Apple,2,59071.04,Kavita Jain,54,Kolkata,UPI,5,iPhone 12
144,19,11,2021,Friday,Samsung,4,30775.96,Reena Bhatnagar,32,Gorakhpur,Debit Card,5,Galaxy A51
145,19,11,2021,Friday,Samsung,6,58464.36,Anjali Ahuja,40,Mumbai,Cash,5,Galaxy A51
146,19,11,2021,Friday,Apple,9,31383.43,Prashant Teja,31,Mumbai,Cash,5,iPhone SE
147,20,11,2021,Saturday,Apple,8,16056.86,Rajesh Kaur,32,Indore,Cash,5,iPhone SE
148,20,11,2021,Saturday,OnePlus,8,67713.29,Anita Prasad,27,Ludhiana,Debit Card,3,OnePlus 9
149,20,11,2021,Saturday,Vivo,7,49156.12,Mala Teja,26,Delhi,Debit Card,5,Vivo S1
150,20,11,2021,Saturday,Samsung,9,37365.97,Tanuja Goyal,56,Delhi,UPI,4,Galaxy Note 20
151,21,11,2021,Sunday,Vivo,2,33866.4,Reena Rao,22,Ranchi,Debit Card,5,Vivo Y51
152,21,11,2021,Sunday,Vivo,3,29482.32,Tanuja Shah,42,Coimbatore,Debit Card,5,Vivo S1
153,21,11,2021,Sunday,Apple,8,68886.86,Radha Jain,59,Hyderabad,Debit Card,5,iPhone 11
154,21,11,2021,Sunday,OnePlus,6,18084.84,Monika Ahuja,43,Delhi,UPI,5,OnePlus 8T
155,22,11,2021,Monday,Xiaomi,9,28888.3,Kavita Goyal,25,Ludhiana,Credit Card,5,Redmi 9
156,22,11,2021,Monday,OnePlus,4,39129.86,Priya Roy,39,Coimbatore,Credit Card,5,OnePlus Nord
157,22,11,2021,Monday,OnePlus,8,38679.97,Pooja Dutta,42,Delhi,Cash,5,OnePlus Nord
158,22,11,2021,Monday,Vivo,3,38281.99,Namita Das,29,Gorakhpur,Credit Card,5,Vivo V20
159,23,11,2021,Tuesday,OnePlus,3,20547.03,Nikhil Bhatnagar,26,Kolkata,Credit Card,3,OnePlus Nord
160,23,11,2021,Tuesday,Samsung,8,18695.95,Sanjay Sheth,27,Patna,UPI,4,Galaxy A51
161,23,11,2021,Tuesday,Vivo,5,25286.06,Radha Rao,27,Madurai,UPI,5,Vivo V20
162,23,11,2021,Tuesday,Samsung,3,64871.57,Lata Iyer,26,Mumbai,Credit Card,5,Galaxy Note 20
163,24,11,2021,Wednesday,Xiaomi,1,16783.18,Ravi Arora,43,Mumbai,Credit Card,3,Redmi Note 10
164,24,11,2021,Wednesday,Vivo,3,55445.51,Namita Desai,52,Mumbai,Credit Card,5,Vivo Y51
165,24,11,2021,Wednesday,Xiaomi,9,55452.9,Pooja Joshi,44,Ludhiana,Cash,5,Redmi Note 10
166,24,11,2021,Wednesday,Vivo,5,58586.22,Reena Deshmukh,48,Delhi,UPI,5,Vivo S1
167,25,11,2021,Thursday,Apple,2,63196.93,Pooja Thakur,36,Delhi,Credit Card,5,iPhone 12
168,25,11,2021,Thursday,OnePlus,7,25782.17,Bhavana Kapoor,55,Mumbai,Debit Card,5,OnePlus Nord
169,25,11,2021,Thursday,Apple,2,23473.57,Namita Desai,23,Lucknow,Credit Card,5,iPhone 11
170,26,11,2021,Friday,Xiaomi,4,37930.34,Amit Dutta,32,Vadodara,Debit Card,5,Redmi 9
171,26,11,2021,Friday,OnePlus,7,25905.35,Sanjay Bhattacharya,46,Delhi,Cash,5,OnePlus 9
172,26,11,2021,Friday,Vivo,4,54058.6,Shruti Chaudhary,22,Delhi,Debit Card,5,Vivo V20
173,26,11,2021,Friday,OnePlus,7,48156.37,Sumit Reddy,31,Patna,UPI,5,OnePlus 8T
174,27,11,2021,Saturday,Samsung,7,62499.26,Bina Goyal,19,Indore,Cash,5,Galaxy A51
175,27,11,2021,Saturday,OnePlus,1,14964.3,Anita Prasad,40,Chennai,Cash,5,OnePlus 8T
176,27,11,2021,Saturday,Samsung,6,64905,Reena Dutta,36,Bangalore,Credit Card,5,Galaxy A51
177,27,11,2021,Saturday,OnePlus,9,27600.92,Vivek Srivastava,41,Coimbatore,Cash,3,OnePlus Nord
178,28,11,2021,Sunday,Samsung,2,39441.66,Kavita Desai,37,Delhi,Cash,5,Galaxy Note 20
179,28,11,2021,Sunday,Xiaomi,3,36316.69,Anjali Thakur,44,Mumbai,Debit Card,5,Mi 11
180,28,11,2021,Sunday,Apple,5,55618.7,Vijay Sheth,41,Delhi,Credit Card,4,iPhone SE
181,29,11,2021,Monday,Vivo,9,35220,Vivek Nair,34,Gorakhpur,UPI,5,Vivo Y51
182,29,11,2021,Monday,OnePlus,4,66613.19,Sneha Jain,42,Delhi,Credit Card,4,OnePlus Nord
183,29,11,2021,Monday,Apple,1,64152.03,Nikhil Pathak,48,Lucknow,UPI,3,iPhone 11
184,29,11,2021,Monday,Vivo,4,62329.67,Manoj Mehta,45,Delhi,Debit Card,5,Vivo Y51
185,30,11,2021,Tuesday,Vivo,6,14275.5,Lalita Patel,45,Kolkata,Cash,3,Vivo Y51
186,30,11,2021,Tuesday,Samsung,5,61255.48,Nikhil Jain,39,Patna,Cash,5,Galaxy S21
187,30,11,2021,Tuesday,Xiaomi,1,56898.13,Lata Chaudhary,22,Delhi,Credit Card,5,Mi 11
188,1,12,2021,Wednesday,Xiaomi,4,16210.78,Neeta Menon,59,Jodhpur,Credit Card,3,Redmi Note 10
189,1,12,2021,Wednesday,Apple,6,16444.86,Sachin Yadav,25,Chennai,Credit Card,3,iPhone SE
190,1,12,2021,Wednesday,Xiaomi,4,16069.83,Sachin Goyal,55,Bangalore,Cash,3,Redmi 9
191,1,12,2021,Wednesday,OnePlus,9,10679.96,Shruti Chaudhary,45,Jodhpur,Cash,5,OnePlus 8T
192,2,12,2021,Thursday,Xiaomi,5,42918.06,Sneha Prasad,29,Delhi,Debit Card,5,Redmi Note 10
193,2,12,2021,Thursday,Apple,8,68403.66,Sunil Varma,42,Chennai,UPI,5,iPhone SE
194,2,12,2021,Thursday,Xiaomi,9,36321.08,Krishna Roy,55,Jodhpur,Credit Card,5,Redmi Note 10
195,3,12,2021,Friday,OnePlus,5,42445.45,Vinod Kumar,32,Mumbai,Cash,5,OnePlus 9
196,3,12,2021,Friday,Samsung,6,68078.19,Sanjay Das,58,Jodhpur,UPI,5,Galaxy A51
197,3,12,2021,Friday,Apple,1,25310.93,Neeta Menon,51,Delhi,Credit Card,3,iPhone 12
198,3,12,2021,Friday,Samsung,7,61508.22,Anand Bhattacharya,30,Delhi,Credit Card,4,Galaxy S21
199,4,12,2021,Saturday,Samsung,4,42783.43,Tanuja Ahuja,25,Mumbai,UPI,5,Galaxy A51
200,4,12,2021,Saturday,Samsung,2,44168.59,Navin Verma,30,Madurai,UPI,5,Galaxy Note 20
201,4,12,2021,Saturday,Vivo,5,30590.43,Bhavana Varma,53,Gorakhpur,UPI,5,Vivo Y51
202,4,12,2021,Saturday,Vivo,3,43695.06,Neeta Ghosh,23,Lucknow,Cash,5,Vivo V20
203,5,12,2021,Sunday,Samsung,6,14388.55,Umesh Dutta,55,Hyderabad,Debit Card,5,Galaxy Note 20
204,5,12,2021,Sunday,Apple,8,55878.61,Lalita Dutta,49,Bhopal,Credit Card,4,iPhone SE
205,5,12,2021,Sunday,OnePlus,7,27081.27,Kiran Mathur,38,Delhi,Credit Card,5,OnePlus Nord
206,6,12,2021,Monday,OnePlus,3,63256.5,Sumit Malhotra,24,Mumbai,UPI,5,OnePlus Nord
207,6,12,2021,Monday,Xiaomi,8,32071.04,Sneha Jain,43,Rajkot,Cash,5,Redmi Note 10
208,6,12,2021,Monday,Apple,2,18569.45,Sanjay Pathak,32,Delhi,UPI,4,iPhone SE
209,7,12,2021,Tuesday,Vivo,9,51752.89,Bhavana Yadav,59,Delhi,Cash,5,Vivo V20
210,7,12,2021,Tuesday,Samsung,4,19874.69,Sanjay Sheth,40,Ranchi,Debit Card,5,Galaxy S21
211,7,12,2021,Tuesday,Xiaomi,1,55220.83,Navin Sharma,55,Ranchi,Credit Card,5,Redmi 9
212,8,12,2021,Wednesday,OnePlus,8,68086.73,Priya Teja,58,Delhi,Credit Card,4,OnePlus Nord
213,8,12,2021,Wednesday,Vivo,7,56773.17,Sunita Teja,32,Chennai,Cash,5,Vivo V20
214,8,12,2021,Wednesday,Vivo,5,11346.95,Priya Varma,57,Bhopal,Debit Card,4,Vivo S1
215,9,12,2021,Thursday,Samsung,5,45993.15,Ravi Sharma,33,Mumbai,Debit Card,3,Galaxy Note 20
216,9,12,2021,Thursday,OnePlus,7,51724.64,Lalita Shah,49,Madurai,Credit Card,5,OnePlus 9
217,9,12,2021,Thursday,Apple,5,59527.5,Radha Jain,54,Bangalore,Credit Card,5,iPhone 12
218,10,12,2021,Friday,Vivo,8,13360.14,Lalita Ahuja,35,Delhi,UPI,5,Vivo S1
219,10,12,2021,Friday,Samsung,6,38806.47,Aditya Deshmukh,37,Jodhpur,Cash,4,Galaxy A51
220,10,12,2021,Friday,Apple,5,42122.25,Sumit Verma,19,Jodhpur,Credit Card,4,iPhone 12
221,11,12,2021,Saturday,OnePlus,9,20147.49,Kiran Rathod,40,Chennai,Debit Card,4,OnePlus 9
222,11,12,2021,Saturday,Vivo,2,29346.99,Krishna Menon,47,Ranchi,Debit Card,5,Vivo V20
223,11,12,2021,Saturday,Apple,1,36413.3,Pankaj Mehta,20,Gorakhpur,Credit Card,5,iPhone SE
224,12,12,2021,Sunday,Apple,8,59992.58,Sanjay Joshi,56,Ludhiana,Debit Card,5,iPhone 12
225,12,12,2021,Sunday,Apple,3,65764.45,Pankaj Shah,18,Delhi,Cash,5,iPhone 11
226,12,12,2021,Sunday,Vivo,7,47705.37,Monika Deshmukh,58,Bangalore,Debit Card,4,Vivo Y51
227,13,12,2021,Monday,Vivo,8,33696.71,Bhavana Jain,39,Delhi,Debit Card,3,Vivo S1
228,13,12,2021,Monday,Xiaomi,6,25241.86,Ramesh Nambiar,46,Delhi,Credit Card,5,Redmi Note 10
229,13,12,2021,Monday,OnePlus,9,68928.11,Sunil Gupta,31,Delhi,Cash,4,OnePlus 9
230,13,12,2021,Monday,Samsung,7,68981.2,Nikhil Rathod,45,Jodhpur,Cash,5,Galaxy Note 20
231,14,12,2021,Tuesday,Apple,5,65498.62,Vijay Shah,38,Indore,UPI,4,iPhone 12
232,14,12,2021,Tuesday,Xiaomi,8,57140.15,Bhavana Jain,49,Delhi,Cash,5,Redmi 9
233,14,12,2021,Tuesday,Samsung,2,29546.77,Vivek Yadav,23,Delhi,UPI,5,Galaxy A51
234,14,12,2021,Tuesday,Xiaomi,7,59020.03,Manoj Siddiqui,18,Delhi,Credit Card,5,Redmi 9
235,15,12,2021,Wednesday,Vivo,4,34527.58,Isha Menon,38,Ranchi,Debit Card,5,Vivo V20
236,15,12,2021,Wednesday,Apple,9,29606.39,Mala Das,21,Mumbai,Cash,5,iPhone 12
237,15,12,2021,Wednesday,Samsung,1,54691.92,Kunal Malhotra,20,Ludhiana,UPI,5,Galaxy Note 20
238,16,12,2021,Thursday,Samsung,7,14779.24,Sunita Thakur,47,Patna,Cash,5,Galaxy Note 20
239,16,12,2021,Thursday,Samsung,6,12913.76,Yogesh Dutta,48,Delhi,Credit Card,3,Galaxy A51
240,16,12,2021,Thursday,Samsung,8,36877.22,Isha Thakur,51,Delhi,UPI,5,Galaxy S21
241,16,12,2021,Thursday,Samsung,5,36738.33,Krishna Rathod,36,Delhi,UPI,5,Galaxy S21
242,17,12,2021,Friday,Xiaomi,1,63738.65,Krishna Rawat,37,Mumbai,UPI,5,Redmi 9
243,17,12,2021,Friday,Apple,1,17569.19,Manoj Thakur,40,Patna,Credit Card,4,iPhone SE
244,17,12,2021,Friday,Vivo,9,17397.04,Reena Rao,57,Kanpur,UPI,5,Vivo Y51
245,17,12,2021,Friday,Vivo,6,18847.16,Anjali Nambiar,42,Kanpur,Debit Card,5,Vivo Y51
246,18,12,2021,Saturday,Vivo,5,11784.18,Pooja Arora,32,Delhi,Credit Card,3,Vivo S1
247,18,12,2021,Saturday,Vivo,1,14303.9,Jyoti Varma,55,Mumbai,Debit Card,5,Vivo V20
248,18,12,2021,Saturday,Xiaomi,6,49592.19,Tapan Chatterjee,40,Delhi,Debit Card,4,Mi 11
249,18,12,2021,Saturday,OnePlus,6,35895.06,Pooja Arora,19,Bangalore,Credit Card,5,OnePlus Nord
250,19,12,2021,Sunday,Apple,3,55816.18,Bhavana Prasad,32,Bhopal,Cash,5,iPhone 12
251,19,12,2021,Sunday,Samsung,8,69555.86,Manoj Dutta,52,Kanpur,Debit Card,5,Galaxy A51
252,19,12,2021,Sunday,OnePlus,1,49542.08,Rajesh Shah,27,Gorakhpur,Credit Card,5,OnePlus 9
253,19,12,2021,Sunday,Vivo,1,13027.33,Bina Singh,31,Coimbatore,Debit Card,4,Vivo Y51
254,20,12,2021,Monday,OnePlus,6,16273.77,Priya Teja,44,Delhi,UPI,5,OnePlus 9
255,20,12,2021,Monday,Apple,1,62860.25,Neeta Ahuja,31,Ranchi,Debit Card,5,iPhone 12
256,20,12,2021,Monday,Samsung,6,41649.76,Pankaj Gupta,52,Kolkata,Debit Card,5,Galaxy A51
257,21,12,2021,Tuesday,Samsung,1,59490.23,Bina Mishra,50,Delhi,Debit Card,5,Galaxy S21
258,21,12,2021,Tuesday,Apple,6,61396.74,Yogesh Shah,18,Mumbai,UPI,5,iPhone 11
259,21,12,2021,Tuesday,Apple,3,65660.47,Vijay Varma,51,Kanpur,Debit Card,4,iPhone SE
260,21,12,2021,Tuesday,Vivo,8,66989.75,Anita Srivastava,36,Bhopal,Credit Card,5,Vivo S1
261,22,12,2021,Wednesday,Samsung,6,43289.55,Kavita Teja,41,Delhi,Debit Card,5,Galaxy A51
262,22,12,2021,Wednesday,OnePlus,1,30461.21,Manoj Iyer,59,Mumbai,Credit Card,4,OnePlus Nord
263,22,12,2021,Wednesday,Xiaomi,5,67711.89,Deepika Sharma,21,Mumbai,Debit Card,4,Redmi 9
264,23,12,2021,Thursday,Xiaomi,8,42844.38,Rohan Gupta,53,Delhi,Debit Card,4,Redmi 9
265,23,12,2021,Thursday,Apple,3,13855.16,Bhavana Siddiqui,30,Indore,Debit Card,5,iPhone SE
266,23,12,2021,Thursday,Vivo,6,48566.59,Ravi Arora,49,Delhi,Cash,4,Vivo Y51
267,23,12,2021,Thursday,Xiaomi,5,45261.09,Sunil Kapoor,26,Kolkata,Cash,3,Mi 11
268,24,12,2021,Friday,Samsung,6,63747.57,Amit Ghosh,56,Ludhiana,UPI,5,Galaxy A51
269,24,12,2021,Friday,Apple,1,49191.23,Pooja Arora,33,Kanpur,Credit Card,4,iPhone 12
270,24,12,2021,Friday,OnePlus,7,30943.15,Manoj Jain,20,Mumbai,UPI,2,OnePlus Nord
271,24,12,2021,Friday,Apple,9,67973.54,Ramesh Nambiar,37,Coimbatore,Credit Card,3,iPhone SE
272,25,12,2021,Saturday,OnePlus,2,58097.17,Kiran Ghosh,27,Kanpur,UPI,2,OnePlus Nord
273,25,12,2021,Saturday,Apple,5,47825.06,Pooja Arora,39,Mumbai,UPI,5,iPhone 12
274,25,12,2021,Saturday,Apple,4,27575.51,Arun Sheth,20,Vadodara,Debit Card,5,iPhone 11
275,25,12,2021,Saturday,Apple,6,32412.42,Pooja Joshi,28,Delhi,Debit Card,5,iPhone 12
276,26,12,2021,Sunday,OnePlus,6,50198.2,Aditya Menon,42,Patna,Debit Card,5,OnePlus 9
277,26,12,2021,Sunday,OnePlus,2,14318.85,Pooja Solanki,59,Delhi,Debit Card,5,OnePlus 9
278,26,12,2021,Sunday,Apple,2,25400.84,Anita Bhattacharya,25,Delhi,Debit Card,5,iPhone 12
279,27,12,2021,Monday,Xiaomi,4,52834.06,Monika Nambiar,26,Delhi,UPI,3,Redmi 9
280,27,12,2021,Monday,Vivo,1,38801.11,Kiran Jain,32,Kanpur,Credit Card,5,Vivo Y51
281,27,12,2021,Monday,Vivo,9,34143.61,Umesh Rawat,49,Mumbai,Cash,3,Vivo V20
282,27,12,2021,Monday,Vivo,7,19087.46,Tapan Singh,20,Kanpur,Cash,4,Vivo Y51
283,28,12,2021,Tuesday,OnePlus,7,36510.94,Isha Ghosh,21,Chennai,Credit Card,3,OnePlus Nord
284,28,12,2021,Tuesday,OnePlus,3,56241.52,Jyoti Iyer,47,Lucknow,Cash,5,OnePlus Nord
285,28,12,2021,Tuesday,Xiaomi,3,25840.77,Monika Sharma,30,Delhi,UPI,5,Mi 11
286,29,12,2021,Wednesday,Vivo,1,10323.91,Nikhil Bhatnagar,38,Bangalore,Credit Card,3,Vivo S1
287,29,12,2021,Wednesday,Vivo,3,50110.29,Devendra Pathak,58,Jodhpur,Credit Card,5,Vivo Y51
288,29,12,2021,Wednesday,Apple,3,68357.6,Manoj Pathak,36,Hyderabad,Cash,3,iPhone 12
289,29,12,2021,Wednesday,OnePlus,4,46409.59,Anita Varma,56,Kanpur,Cash,5,OnePlus Nord
290,30,12,2021,Thursday,Vivo,4,17195.31,Shruti Sharma,39,Delhi,UPI,5,Vivo S1
291,30,12,2021,Thursday,Xiaomi,3,29243.99,Pooja Reddy,37,Mumbai,Debit Card,3,Mi 11
292,30,12,2021,Thursday,Xiaomi,8,62058.5,Tapan Ahuja,54,Gorakhpur,Credit Card,5,Redmi 9
293,31,12,2021,Friday,Vivo,8,23954.08,Sumit Alva,48,Vadodara,Debit Card,5,Vivo V20
294,31,12,2021,Friday,OnePlus,1,46461.75,Lata Rawat,27,Bangalore,Cash,5,OnePlus Nord
295,31,12,2021,Friday,Xiaomi,7,34160.27,Sneha Jain,35,Kanpur,Credit Card,5,Redmi 9
296,31,12,2021,Friday,Apple,2,22470.62,Gita Sheth,56,Hyderabad,Debit Card,3,iPhone SE
297,1,1,2022,Saturday,Xiaomi,1,58804.41,Priya Bhattacharya,37,Ranchi,UPI,5,Mi 11
298,1,1,2022,Saturday,Samsung,3,54569.88,Kavita Dutta,35,Delhi,UPI,5,Galaxy S21
299,1,1,2022,Saturday,Samsung,4,49695.46,Meena Joshi,28,Kolkata,UPI,4,Galaxy S21
300,2,1,2022,Sunday,OnePlus,6,24180.2,Vivek Siddiqui,39,Mumbai,Credit Card,5,OnePlus Nord
301,2,1,2022,Sunday,Vivo,5,15871.42,Deepika Desai,35,Mumbai,Credit Card,5,Vivo S1
302,2,1,2022,Sunday,OnePlus,4,44569.56,Anita Deshmukh,51,Lucknow,Credit Card,5,OnePlus 8T
303,3,1,2022,Monday,OnePlus,8,43220.67,Anita Bhattacharya,40,Patna,Credit Card,5,OnePlus 9
304,3,1,2022,Monday,OnePlus,4,21303.1,Rajesh Kapoor,18,Delhi,Credit Card,5,OnePlus Nord
305,3,1,2022,Monday,OnePlus,2,13374.8,Aditya Arora,27,Ranchi,Debit Card,5,OnePlus 9
306,3,1,2022,Monday,Apple,3,14842.51,Sunil Luthra,18,Mumbai,Debit Card,5,iPhone SE
307,4,1,2022,Tuesday,Apple,6,69566.26,Isha Dutta,55,Delhi,UPI,5,iPhone SE
308,4,1,2022,Tuesday,Xiaomi,8,57015.03,Bhavana Mishra,56,Lucknow,Debit Card,5,Mi 11
309,4,1,2022,Tuesday,Samsung,8,65319.25,Vinod Kaur,26,Lucknow,Debit Card,4,Galaxy S21
310,5,1,2022,Wednesday,OnePlus,9,21703.28,Anita Sharma,48,Bhopal,UPI,3,OnePlus 9
311,5,1,2022,Wednesday,Xiaomi,7,67634.11,Radha Ghosh,24,Mumbai,UPI,5,Redmi 9
312,5,1,2022,Wednesday,Samsung,2,18559.26,Tanuja Rao,34,Delhi,Cash,5,Galaxy A51
313,5,1,2022,Wednesday,Vivo,8,40544.91,Namita Reddy,52,Jodhpur,UPI,5,Vivo Y51
314,6,1,2022,Thursday,Apple,7,59781.74,Rohan Prasad,54,Ludhiana,Debit Card,5,iPhone SE
315,6,1,2022,Thursday,Samsung,8,30988.2,Priyanka Jain,35,Indore,Credit Card,5,Galaxy S21
316,6,1,2022,Thursday,Vivo,3,35489.71,Anita Rawat,50,Vadodara,UPI,5,Vivo Y51
317,6,1,2022,Thursday,Samsung,7,17691.11,Vivek Teja,21,Madurai,Cash,4,Galaxy S21
318,7,1,2022,Friday,Apple,9,17375.31,Anand Mehta,40,Bhopal,Debit Card,5,iPhone 11
319,7,1,2022,Friday,Apple,3,47174.09,Jyoti Mishra,28,Delhi,Cash,3,iPhone 12
320,7,1,2022,Friday,Xiaomi,6,50531.94,Krishna Jain,26,Kolkata,Cash,4,Redmi 9
321,7,1,2022,Friday,OnePlus,2,56639.95,Sneha Reddy,47,Ludhiana,Debit Card,3,OnePlus 9
322,8,1,2022,Saturday,Samsung,2,43400.92,Bhavana Srivastava,25,Madurai,Cash,5,Galaxy S21
323,8,1,2022,Saturday,Samsung,5,48745.56,Ramesh Jain,57,Jodhpur,Debit Card,5,Galaxy Note 20
324,8,1,2022,Saturday,Vivo,5,10811.04,Yogesh Sharma,22,Bhopal,Cash,4,Vivo V20
325,8,1,2022,Saturday,Apple,7,19730.24,Anjali Patel,29,Chennai,Credit Card,3,iPhone SE
326,9,1,2022,Sunday,Samsung,2,69094.89,Prashant Teja,18,Coimbatore,UPI,5,Galaxy Note 20
327,9,1,2022,Sunday,Apple,7,14559.61,Pooja Goyal,32,Indore,Credit Card,5,iPhone 11
328,9,1,2022,Sunday,Samsung,5,50727.29,Neeta Malhotra,42,Delhi,Credit Card,5,Galaxy S21
329,9,1,2022,Sunday,Xiaomi,6,20564.96,Krishna Menon,35,Chennai,Cash,5,Mi 11
330,10,1,2022,Monday,OnePlus,8,53003.12,Reena Das,55,Delhi,UPI,5,OnePlus Nord
331,10,1,2022,Monday,Samsung,4,52359.42,Ramesh Dutta,59,Mumbai,UPI,3,Galaxy S21
332,10,1,2022,Monday,Apple,7,24051.94,Harish Goyal,43,Mumbai,UPI,3,iPhone SE
333,10,1,2022,Monday,Xiaomi,6,26178.06,Bina Rawat,57,Mumbai,Cash,5,Redmi Note 10
334,11,1,2022,Tuesday,Samsung,2,49286.24,Sunil Mathur,20,Delhi,Credit Card,3,Galaxy S21
335,11,1,2022,Tuesday,Vivo,8,33405.16,Navin Solanki,39,Ranchi,Debit Card,5,Vivo Y51
336,11,1,2022,Tuesday,OnePlus,9,21672.88,Kavita Bhattacharya,43,Madurai,Debit Card,5,OnePlus 8T
337,11,1,2022,Tuesday,Samsung,5,53900.78,Priyanka Alva,36,Delhi,Debit Card,5,Galaxy Note 20
338,12,1,2022,Wednesday,Xiaomi,4,19248.85,Anand Bhattacharya,56,Bangalore,UPI,5,Redmi Note 10
339,12,1,2022,Wednesday,Vivo,6,61338.62,Rohan Rathod,53,Patna,Debit Card,5,Vivo Y51
340,12,1,2022,Wednesday,Xiaomi,8,40880.17,Devendra Arora,38,Delhi,Credit Card,3,Redmi 9
341,12,1,2022,Wednesday,Xiaomi,3,16342.04,Reena Desai,58,Delhi,Debit Card,3,Mi 11
342,13,1,2022,Thursday,Vivo,1,51644.34,Pankaj Singh,43,Delhi,UPI,5,Vivo S1
343,13,1,2022,Thursday,Xiaomi,4,41149.78,Pooja Joshi,30,Delhi,UPI,5,Mi 11
344,13,1,2022,Thursday,Vivo,4,27883.45,Priyanka Mishra,53,Indore,Debit Card,5,Vivo V20
345,13,1,2022,Thursday,Samsung,1,35352.36,Bhavana Rawat,41,Delhi,UPI,5,Galaxy Note 20
346,14,1,2022,Friday,Vivo,9,27900.26,Pooja Luthra,58,Delhi,Debit Card,4,Vivo S1
347,14,1,2022,Friday,Vivo,3,25781.55,Manoj Ahuja,43,Jodhpur,UPI,4,Vivo S1
348,14,1,2022,Friday,OnePlus,5,19816.51,Lata Rawat,38,Bangalore,Cash,3,OnePlus 8T
349,14,1,2022,Friday,Vivo,6,31766.03,Priyanka Sharma,35,Delhi,Cash,4,Vivo S1
350,15,1,2022,Saturday,Vivo,8,25059.23,Navin Malhotra,32,Ranchi,Credit Card,4,Vivo V20
351,15,1,2022,Saturday,Samsung,6,51006.07,Kavita Iyer,32,Madurai,Cash,5,Galaxy Note 20
352,15,1,2022,Saturday,OnePlus,3,51032.6,Anand Patel,23,Gorakhpur,Debit Card,5,OnePlus Nord
353,15,1,2022,Saturday,Apple,6,40110.41,Vijay Prasad,48,Ludhiana,UPI,5,iPhone 11
354,16,1,2022,Sunday,Samsung,1,56676.67,Umesh Ghosh,45,Rajkot,Credit Card,5,Galaxy Note 20
355,16,1,2022,Sunday,Samsung,4,60480.38,Manoj Rao,25,Gorakhpur,Debit Card,5,Galaxy Note 20
356,16,1,2022,Sunday,Apple,6,44785.99,Vivek Jain,46,Mumbai,Debit Card,5,iPhone 11
357,17,1,2022,Monday,Vivo,7,47136.11,Aditya Patel,38,Rajkot,Credit Card,5,Vivo Y51
358,17,1,2022,Monday,Xiaomi,3,26973.15,Harish Goyal,34,Mumbai,Credit Card,4,Redmi Note 10
359,17,1,2022,Monday,OnePlus,9,63692.15,Sumit Siddiqui,41,Mumbai,Debit Card,5,OnePlus 8T
360,18,1,2022,Tuesday,Xiaomi,7,11452.36,Bhavana Desai,53,Delhi,UPI,5,Redmi Note 10
361,18,1,2022,Tuesday,Apple,1,30916.15,Ravi Sheth,48,Lucknow,Debit Card,4,iPhone 11
362,18,1,2022,Tuesday,Samsung,2,53308.03,Ravi Patel,51,Kanpur,UPI,3,Galaxy A51
363,18,1,2022,Tuesday,Samsung,1,14805.37,Tapan Mishra,19,Delhi,Credit Card,5,Galaxy Note 20
364,19,1,2022,Wednesday,OnePlus,9,20990.17,Mala Verma,59,Bangalore,Debit Card,5,OnePlus 8T
365,19,1,2022,Wednesday,Samsung,9,45357.14,Gita Roy,20,Bhopal,Cash,3,Galaxy A51
366,19,1,2022,Wednesday,Samsung,7,43599.62,Vivek Rawat,47,Mumbai,Debit Card,4,Galaxy S21
367,19,1,2022,Wednesday,OnePlus,3,54335.7,Anita Menon,25,Ranchi,UPI,5,OnePlus 9
368,20,1,2022,Thursday,OnePlus,5,58756.76,Tapan Deshmukh,24,Delhi,Debit Card,4,OnePlus 9
369,20,1,2022,Thursday,Apple,4,17714.77,Shruti Thakur,29,Rajkot,UPI,4,iPhone 12
370,20,1,2022,Thursday,Samsung,7,11102.86,Reena Teja,36,Delhi,Cash,4,Galaxy A51
371,20,1,2022,Thursday,Samsung,9,51378.31,Isha Dutta,43,Chennai,Credit Card,5,Galaxy S21
372,21,1,2022,Friday,Apple,2,28083.51,Manoj Pathak,45,Vadodara,Cash,3,iPhone 12
373,21,1,2022,Friday,Vivo,8,47559.03,Tapan Bhattacharya,32,Hyderabad,UPI,3,Vivo V20
374,21,1,2022,Friday,Vivo,9,19032.68,Anjali Srivastava,31,Chennai,Credit Card,5,Vivo V20
375,21,1,2022,Friday,Vivo,9,38142.4,Anand Reddy,31,Gorakhpur,Credit Card,5,Vivo V20
376,22,1,2022,Saturday,Apple,7,40265.48,Bhavana Jain,20,Gorakhpur,Debit Card,4,iPhone 11
377,22,1,2022,Saturday,Samsung,9,45104.67,Tapan Rawat,46,Delhi,Cash,5,Galaxy Note 20
378,22,1,2022,Saturday,Apple,9,40790.2,Namita Sheth,23,Bangalore,UPI,3,iPhone 12
379,22,1,2022,Saturday,Apple,3,39741.45,Arun Luthra,40,Delhi,UPI,3,iPhone SE
380,23,1,2022,Sunday,Vivo,4,29964.05,Mala Roy,45,Jodhpur,Credit Card,4,Vivo S1
381,23,1,2022,Sunday,Xiaomi,2,14270.81,Devendra Varma,31,Mumbai,Debit Card,5,Mi 11
382,23,1,2022,Sunday,Samsung,3,15371.21,Ravi Dutta,31,Delhi,UPI,4,Galaxy A51
383,23,1,2022,Sunday,Vivo,5,36026.7,Ramesh Das,37,Vadodara,Debit Card,4,Vivo Y51
384,24,1,2022,Monday,Xiaomi,5,31347.59,Priya Roy,30,Hyderabad,Credit Card,5,Redmi Note 10
385,24,1,2022,Monday,Xiaomi,6,40968.09,Sumit Siddiqui,44,Delhi,Credit Card,5,Redmi Note 10
386,24,1,2022,Monday,OnePlus,7,28290.29,Bina Siddiqui,52,Kolkata,Credit Card,5,OnePlus Nord
387,24,1,2022,Monday,Samsung,7,51274.61,Kiran Rathod,19,Jodhpur,Debit Card,5,Galaxy A51
388,25,1,2022,Tuesday,Xiaomi,1,61837.29,Kunal Chaudhary,58,Lucknow,UPI,4,Redmi 9
389,25,1,2022,Tuesday,Vivo,2,27931.79,Vinod Malhotra,57,Kolkata,Cash,4,Vivo V20
390,25,1,2022,Tuesday,OnePlus,9,21579.04,Sneha Arora,41,Ludhiana,Debit Card,4,OnePlus 9
391,25,1,2022,Tuesday,Samsung,2,16970.83,Devendra Pathak,46,Mumbai,Credit Card,4,Galaxy A51
392,26,1,2022,Wednesday,Apple,6,46975.24,Radha Alva,20,Hyderabad,Cash,4,iPhone SE
393,26,1,2022,Wednesday,Vivo,1,36631.36,Krishna Nambiar,21,Gorakhpur,Cash,5,Vivo S1
394,26,1,2022,Wednesday,Xiaomi,3,21280.94,Vijay Jain,19,Gorakhpur,Cash,4,Redmi 9
395,27,1,2022,Thursday,Xiaomi,2,49188.2,Reena Deshmukh,37,Mumbai,Cash,3,Mi 11
396,27,1,2022,Thursday,Vivo,3,18908.99,Yogesh Alva,32,Vadodara,Cash,3,Vivo S1
397,27,1,2022,Thursday,Xiaomi,5,43258.04,Sanjay Mehta,49,Rajkot,Credit Card,5,Redmi 9
398,27,1,2022,Thursday,OnePlus,6,41628.9,Neeta Yadav,59,Coimbatore,UPI,5,OnePlus 8T
399,28,1,2022,Friday,Samsung,9,54053.67,Gita Rathod,18,Delhi,Cash,3,Galaxy Note 20
400,28,1,2022,Friday,OnePlus,4,13306.58,Vinod Chatterjee,55,Mumbai,UPI,5,OnePlus 8T
401,28,1,2022,Friday,Xiaomi,7,63272.38,Harish Mishra,52,Vadodara,UPI,5,Mi 11
402,29,1,2022,Saturday,Apple,6,52179.5,Sneha Patel,24,Hyderabad,Debit Card,5,iPhone SE
403,29,1,2022,Saturday,Samsung,2,22967.56,Shruti Iyer,30,Delhi,Credit Card,4,Galaxy S21
404,29,1,2022,Saturday,Samsung,8,21004.32,Vivek Mehta,18,Kolkata,Cash,4,Galaxy S21
405,29,1,2022,Saturday,Vivo,7,35899.61,Ravi Bhattacharya,31,Rajkot,UPI,5,Vivo V20
406,30,1,2022,Sunday,Vivo,7,59053.92,Anand Siddiqui,46,Mumbai,Debit Card,5,Vivo V20
407,30,1,2022,Sunday,Apple,8,60577,Jyoti Kumar,20,Bangalore,UPI,3,iPhone 12
408,30,1,2022,Sunday,Samsung,1,41227.37,Krishna Sharma,41,Ludhiana,Cash,5,Galaxy S21
409,30,1,2022,Sunday,Apple,1,61648.65,Aditya Roy,18,Rajkot,Credit Card,5,iPhone 11
410,31,1,2022,Monday,Vivo,8,10326.62,Anita Arora,27,Ranchi,Credit Card,5,Vivo Y51
411,31,1,2022,Monday,Vivo,4,12110.48,Tanuja Rao,30,Mumbai,Cash,3,Vivo V20
412,31,1,2022,Monday,Samsung,5,64709.3,Kavita Bhattacharya,53,Kanpur,UPI,5,Galaxy A51
413,1,2,2022,Tuesday,OnePlus,8,56519.92,Harish Teja,26,Chennai,Debit Card,5,OnePlus Nord
414,1,2,2022,Tuesday,Xiaomi,5,37042.36,Anjali Patel,31,Mumbai,Credit Card,3,Redmi Note 10
415,1,2,2022,Tuesday,Vivo,4,55216.61,Gita Teja,53,Delhi,Credit Card,5,Vivo S1
416,1,2,2022,Tuesday,Vivo,6,67338.37,Anita Varma,27,Mumbai,UPI,5,Vivo Y51
417,2,2,2022,Wednesday,OnePlus,5,56325.37,Aditya Menon,57,Lucknow,UPI,2,OnePlus 8T
418,2,2,2022,Wednesday,OnePlus,7,60542.28,Amit Srivastava,40,Ludhiana,UPI,4,OnePlus Nord
419,2,2,2022,Wednesday,Apple,7,55636.39,Ayesha Menon,52,Vadodara,Debit Card,3,iPhone 12
420,3,2,2022,Thursday,Apple,4,20092.67,Vivek Sheth,24,Vadodara,UPI,5,iPhone 11
421,3,2,2022,Thursday,Xiaomi,5,60014.45,Tapan Mathur,59,Mumbai,Debit Card,5,Redmi 9
422,3,2,2022,Thursday,Xiaomi,3,21706.53,Sneha Desai,52,Hyderabad,Cash,5,Redmi 9
423,3,2,2022,Thursday,Samsung,4,63556.68,Amit Prasad,19,Bhopal,Debit Card,5,Galaxy Note 20
424,4,2,2022,Friday,Apple,4,37518.99,Sumit Sharma,32,Delhi,UPI,4,iPhone 11
425,4,2,2022,Friday,Vivo,3,50618.61,Anand Joshi,26,Lucknow,Debit Card,5,Vivo V20
426,4,2,2022,Friday,Apple,5,39834.45,Namita Srivastava,34,Delhi,Debit Card,4,iPhone SE
427,4,2,2022,Friday,Vivo,5,15639.46,Vivek Alva,56,Coimbatore,Debit Card,2,Vivo V20
428,5,2,2022,Saturday,OnePlus,7,27443.34,Navin Mathur,35,Rajkot,Credit Card,2,OnePlus 8T
429,5,2,2022,Saturday,Apple,4,69023.91,Devendra Mathur,32,Delhi,UPI,5,iPhone SE
430,5,2,2022,Saturday,OnePlus,4,67642.89,Isha Nair,35,Delhi,Debit Card,4,OnePlus 8T
431,6,2,2022,Sunday,Xiaomi,9,29229.21,Pankaj Jain,41,Kanpur,UPI,3,Mi 11
432,6,2,2022,Sunday,Xiaomi,6,69777.81,Sachin Desai,40,Rajkot,Cash,5,Mi 11
433,6,2,2022,Sunday,Samsung,4,60733.07,Kiran Malhotra,29,Delhi,Debit Card,5,Galaxy S21
434,6,2,2022,Sunday,Apple,2,46657.57,Kiran Alva,40,Delhi,Debit Card,2,iPhone 11
435,7,2,2022,Monday,OnePlus,6,12407.48,Arun Deshmukh,38,Jodhpur,Cash,2,OnePlus 9
436,7,2,2022,Monday,Vivo,2,64086.81,Harish Teja,43,Kanpur,UPI,3,Vivo Y51
437,7,2,2022,Monday,Xiaomi,5,43445.76,Vijay Rawat,25,Kanpur,Cash,5,Mi 11
438,8,2,2022,Tuesday,Xiaomi,6,62108.57,Arun Dutta,47,Mumbai,Cash,4,Redmi 9
439,8,2,2022,Tuesday,Vivo,4,60065.75,Harish Solanki,51,Mumbai,Cash,2,Vivo Y51
440,8,2,2022,Tuesday,OnePlus,3,59980.37,Sunita Roy,19,Delhi,Cash,5,OnePlus Nord
441,8,2,2022,Tuesday,OnePlus,7,51890.43,Vinod Nambiar,22,Lucknow,UPI,3,OnePlus Nord
442,9,2,2022,Wednesday,Apple,2,27484.91,Meena Kulkarni,48,Mumbai,Debit Card,3,iPhone 12
443,9,2,2022,Wednesday,Apple,6,30169.62,Arun Sheth,50,Kanpur,Cash,3,iPhone SE
444,9,2,2022,Wednesday,Samsung,4,28508.15,Bhavana Mehta,21,Mumbai,Cash,5,Galaxy A51
445,10,2,2022,Thursday,Xiaomi,6,11202.76,Bhavana Varma,23,Madurai,Credit Card,3,Mi 11
446,10,2,2022,Thursday,Apple,4,44954.13,Lata Shah,40,Delhi,UPI,4,iPhone 11
447,10,2,2022,Thursday,OnePlus,4,51930.02,Vivek Teja,36,Ludhiana,Cash,4,OnePlus 9
448,11,2,2022,Friday,Vivo,4,61231.96,Prashant Rathod,25,Mumbai,Credit Card,5,Vivo S1
449,11,2,2022,Friday,OnePlus,9,18409.93,Priyanka Menon,56,Indore,Cash,5,OnePlus Nord
450,11,2,2022,Friday,Xiaomi,7,42650.99,Anjali Sharma,30,Mumbai,UPI,4,Redmi Note 10
451,11,2,2022,Friday,OnePlus,3,10480.49,Arun Kapoor,18,Ranchi,Credit Card,5,OnePlus 8T
452,12,2,2022,Saturday,Samsung,3,15705.62,Arun Goyal,23,Gorakhpur,Credit Card,5,Galaxy A51
453,12,2,2022,Saturday,Xiaomi,6,13252.7,Arun Pillai,24,Delhi,UPI,3,Redmi Note 10
454,12,2,2022,Saturday,Vivo,6,53528.68,Vinod Goyal,44,Vadodara,Credit Card,4,Vivo Y51
455,12,2,2022,Saturday,Samsung,4,14863.57,Monika Deshmukh,32,Delhi,Credit Card,2,Galaxy S21
456,13,2,2022,Sunday,Xiaomi,9,52987.18,Vijay Varma,51,Delhi,Cash,5,Redmi Note 10
457,13,2,2022,Sunday,Vivo,4,24977.48,Bhavana Mathur,40,Mumbai,Credit Card,5,Vivo S1
458,13,2,2022,Sunday,Samsung,9,62662.78,Priya Singh,41,Mumbai,Debit Card,4,Galaxy Note 20
459,14,2,2022,Monday,Samsung,4,58789,Tapan Deshmukh,32,Rajkot,UPI,2,Galaxy A51
460,14,2,2022,Monday,Xiaomi,2,67469.81,Meena Patel,52,Bangalore,Cash,5,Redmi 9
461,14,2,2022,Monday,Apple,2,63025.72,Namita Sheth,21,Delhi,Credit Card,5,iPhone 11
462,14,2,2022,Monday,Samsung,5,65999.77,Anita Varma,54,Mumbai,Debit Card,2,Galaxy Note 20
463,15,2,2022,Tuesday,Samsung,4,61524.54,Vinod Goyal,34,Mumbai,Cash,3,Galaxy Note 20
464,15,2,2022,Tuesday,Vivo,7,51602.91,Kunal Shah,48,Chennai,UPI,5,Vivo S1
465,15,2,2022,Tuesday,OnePlus,5,20215.55,Mala Teja,55,Delhi,Credit Card,2,OnePlus 8T
466,15,2,2022,Tuesday,Xiaomi,6,26302.45,Sumit Mishra,27,Jodhpur,UPI,4,Mi 11
467,16,2,2022,Wednesday,Xiaomi,4,22763.62,Kavita Gupta,44,Delhi,UPI,5,Mi 11
468,16,2,2022,Wednesday,Apple,2,46215.15,Tapan Joshi,59,Kolkata,Credit Card,5,iPhone 12
469,16,2,2022,Wednesday,Apple,9,40217.2,Nikhil Menon,23,Delhi,Credit Card,4,iPhone 11
470,16,2,2022,Wednesday,Xiaomi,7,62024.8,Vinod Prasad,23,Rajkot,Cash,2,Redmi 9
471,17,2,2022,Thursday,Apple,4,67160.37,Tapan Bhattacharya,32,Lucknow,UPI,3,iPhone 12
472,17,2,2022,Thursday,Vivo,3,34291.59,Jyoti Iyer,21,Indore,Credit Card,5,Vivo S1
473,17,2,2022,Thursday,Xiaomi,3,40381.03,Shruti Chaudhary,57,Delhi,UPI,5,Redmi Note 10
474,18,2,2022,Friday,Apple,9,68290.98,Jyoti Pillai,24,Ranchi,Credit Card,5,iPhone 11
475,18,2,2022,Friday,Xiaomi,5,26574.34,Manoj Shah,43,Hyderabad,UPI,4,Redmi Note 10
476,18,2,2022,Friday,OnePlus,3,57543.45,Vijay Prasad,48,Mumbai,Cash,2,OnePlus Nord
477,19,2,2022,Saturday,Samsung,5,23514.39,Reena Sharma,19,Delhi,UPI,2,Galaxy S21
478,19,2,2022,Saturday,Xiaomi,2,50887.61,Sumit Rathod,45,Lucknow,Credit Card,4,Mi 11
479,19,2,2022,Saturday,Samsung,4,25216.94,Krishna Malhotra,59,Delhi,Debit Card,5,Galaxy Note 20
480,20,2,2022,Sunday,Apple,2,63024,Namita Patel,30,Bhopal,Cash,4,iPhone SE
481,20,2,2022,Sunday,Samsung,2,43688.68,Devendra Rao,35,Vadodara,Cash,2,Galaxy S21
482,20,2,2022,Sunday,Xiaomi,8,21156.02,Ravi Malhotra,47,Mumbai,Debit Card,4,Redmi 9
483,21,2,2022,Monday,OnePlus,1,23462.15,Ramesh Gupta,28,Mumbai,Credit Card,5,OnePlus Nord
484,21,2,2022,Monday,Apple,7,39630.95,Shruti Pathak,30,Delhi,Cash,5,iPhone SE
485,21,2,2022,Monday,Xiaomi,5,67696.12,Ramesh Solanki,41,Delhi,Debit Card,5,Mi 11
486,22,2,2022,Tuesday,Apple,8,56178.53,Shruti Pathak,46,Mumbai,Debit Card,3,iPhone 12
487,22,2,2022,Tuesday,Vivo,1,39298.58,Ramesh Dutta,22,Indore,UPI,3,Vivo Y51
488,22,2,2022,Tuesday,Samsung,7,30263.15,Umesh Ghosh,52,Delhi,UPI,4,Galaxy Note 20
489,23,2,2022,Wednesday,Vivo,5,42956.11,Gita Iyer,36,Ranchi,Credit Card,5,Vivo Y51
490,23,2,2022,Wednesday,Xiaomi,4,54901.65,Reena Desai,30,Indore,Debit Card,5,Redmi Note 10
491,23,2,2022,Wednesday,OnePlus,7,57035.72,Sanjay Das,22,Madurai,UPI,2,OnePlus 8T
492,24,2,2022,Thursday,Apple,2,29476.53,Sanjay Patel,31,Gorakhpur,Credit Card,5,iPhone 11
493,24,2,2022,Thursday,Samsung,1,53269.56,Anita Desai,55,Delhi,Cash,5,Galaxy Note 20
494,24,2,2022,Thursday,Apple,1,49467.33,Anand Chatterjee,39,Madurai,UPI,4,iPhone 12
495,25,2,2022,Friday,Xiaomi,1,67546.74,Bina Solanki,26,Madurai,Credit Card,2,Redmi Note 10
496,25,2,2022,Friday,Apple,5,65865.42,Sunita Mehta,57,Ludhiana,UPI,2,iPhone SE
497,25,2,2022,Friday,Samsung,7,57362.76,Pankaj Arora,43,Jodhpur,Cash,4,Galaxy Note 20
498,26,2,2022,Saturday,Xiaomi,2,53403.68,Monika Srivastava,22,Hyderabad,Cash,4,Mi 11
499,26,2,2022,Saturday,Apple,8,26442.5,Rajesh Ghosh,46,Mumbai,UPI,5,iPhone 12
500,26,2,2022,Saturday,OnePlus,4,60757.92,Priya Sharma,39,Bangalore,Cash,5,OnePlus 9
501,26,2,2022,Saturday,Xiaomi,3,35650.34,Kavita Kaur,20,Ranchi,Credit Card,2,Mi 11
502,27,2,2022,Sunday,Xiaomi,8,26334.43,Vivek Deshmukh,45,Delhi,UPI,2,Redmi 9
503,27,2,2022,Sunday,OnePlus,2,33049.65,Pooja Patel,55,Delhi,UPI,5,OnePlus Nord
504,27,2,2022,Sunday,Vivo,3,60156.13,Meena Joshi,31,Delhi,Cash,2,Vivo Y51
505,28,2,2022,Monday,Samsung,3,18917.99,Namita Gupta,31,Ranchi,Credit Card,4,Galaxy A51
506,28,2,2022,Monday,Vivo,1,37369.52,Harish Malhotra,28,Jodhpur,UPI,4,Vivo S1
507,28,2,2022,Monday,Apple,6,39541.46,Pankaj Patel,26,Indore,UPI,5,iPhone 11
508,28,2,2022,Monday,OnePlus,2,12197.78,Aditya Iyer,55,Ludhiana,Cash,3,OnePlus Nord
509,1,3,2022,Tuesday,Vivo,1,21744.76,Ramesh Joshi,23,Delhi,Cash,3,Vivo V20
510,1,3,2022,Tuesday,Xiaomi,2,59604.55,Sachin Rao,18,Delhi,Credit Card,4,Mi 11
511,1,3,2022,Tuesday,Apple,6,59846.04,Pankaj Jain,42,Delhi,Credit Card,3,iPhone 12
512,1,3,2022,Tuesday,Apple,4,27544.91,Monika Singh,33,Delhi,Cash,3,iPhone 11
513,2,3,2022,Wednesday,Vivo,6,62493.83,Deepika Kulkarni,32,Mumbai,Credit Card,5,Vivo V20
514,2,3,2022,Wednesday,Vivo,9,56306.98,Vinod Kumar,51,Gorakhpur,Debit Card,2,Vivo S1
515,2,3,2022,Wednesday,OnePlus,8,35074.45,Neeta Kumar,34,Delhi,Debit Card,2,OnePlus 9
516,2,3,2022,Wednesday,Samsung,1,54904.38,Vinod Kulkarni,20,Lucknow,Cash,3,Galaxy S21
517,3,3,2022,Thursday,Vivo,8,67680.08,Vinod Nair,20,Delhi,UPI,5,Vivo V20
518,3,3,2022,Thursday,Vivo,9,37538.18,Vinod Solanki,54,Delhi,Cash,5,Vivo V20
519,3,3,2022,Thursday,Xiaomi,6,24305.63,Sachin Sheth,34,Delhi,Cash,3,Redmi Note 10
520,4,3,2022,Friday,Apple,5,66508.99,Prashant Srivastava,55,Ludhiana,Cash,5,iPhone 11
521,4,3,2022,Friday,Samsung,6,46224.66,Neeta Nair,18,Vadodara,UPI,5,Galaxy S21
522,4,3,2022,Friday,Xiaomi,6,16315.91,Lalita Kaur,24,Vadodara,Debit Card,5,Redmi Note 10
523,5,3,2022,Saturday,OnePlus,9,44360.97,Isha Menon,43,Delhi,Credit Card,2,OnePlus 8T
524,5,3,2022,Saturday,OnePlus,4,40034.85,Neeta Pillai,56,Rajkot,Debit Card,4,OnePlus 8T
525,5,3,2022,Saturday,Vivo,2,61335.33,Vivek Siddiqui,36,Indore,Credit Card,5,Vivo S1
526,6,3,2022,Sunday,Vivo,9,41841.71,Anand Mishra,47,Delhi,Credit Card,4,Vivo V20
527,6,3,2022,Sunday,OnePlus,2,25313.95,Namita Sheth,31,Ranchi,Cash,4,OnePlus 9
528,6,3,2022,Sunday,Vivo,9,50538.64,Rohan Menon,30,Mumbai,Cash,5,Vivo S1
529,7,3,2022,Monday,Samsung,2,42554.53,Vivek Patel,37,Mumbai,Credit Card,2,Galaxy S21
530,7,3,2022,Monday,Vivo,8,23982.68,Bhavana Varma,43,Kolkata,UPI,5,Vivo S1
531,7,3,2022,Monday,Apple,9,44417.67,Vinod Dutta,44,Delhi,UPI,5,iPhone 11
532,7,3,2022,Monday,Vivo,9,59292.13,Rohan Menon,42,Indore,UPI,2,Vivo V20
533,8,3,2022,Tuesday,Xiaomi,9,11714.26,Deepika Sharma,26,Mumbai,UPI,3,Redmi Note 10
534,8,3,2022,Tuesday,Samsung,2,47851.06,Rajesh Yadav,58,Kanpur,Cash,2,Galaxy Note 20
535,8,3,2022,Tuesday,Xiaomi,4,30975.11,Arun Ghosh,29,Lucknow,Debit Card,5,Redmi Note 10
536,9,3,2022,Wednesday,Xiaomi,7,27560.29,Anita Patel,27,Delhi,Debit Card,5,Mi 11
537,9,3,2022,Wednesday,Apple,2,33555.27,Kunal Patel,23,Kolkata,Credit Card,4,iPhone 11
538,9,3,2022,Wednesday,Samsung,1,30521.36,Ravi Kulkarni,51,Bhopal,UPI,3,Galaxy A51
539,10,3,2022,Thursday,Samsung,3,59934.35,Neeta Mishra,58,Ranchi,Cash,2,Galaxy Note 20
540,10,3,2022,Thursday,Samsung,4,26487.87,Kiran Solanki,36,Coimbatore,Cash,3,Galaxy A51
541,10,3,2022,Thursday,Samsung,8,53989.18,Radha Sharma,23,Delhi,Cash,4,Galaxy Note 20
542,11,3,2022,Friday,Samsung,6,15643.59,Nikhil Chaudhary,19,Jodhpur,Credit Card,3,Galaxy A51
543,11,3,2022,Friday,Apple,2,67083.78,Harish Mishra,32,Madurai,Cash,3,iPhone SE
544,11,3,2022,Friday,Vivo,9,47339,Sanjay Menon,34,Kolkata,Credit Card,2,Vivo S1
545,12,3,2022,Saturday,Xiaomi,2,52403.11,Sunil Rao,33,Kolkata,Credit Card,3,Redmi 9
546,12,3,2022,Saturday,Samsung,5,27882.36,Kiran Solanki,45,Delhi,Credit Card,4,Galaxy S21
547,12,3,2022,Saturday,Vivo,4,34725.79,Deepika Das,38,Patna,Credit Card,5,Vivo Y51
548,13,3,2022,Sunday,Vivo,7,23426.7,Kiran Singh,25,Mumbai,Cash,5,Vivo Y51
549,13,3,2022,Sunday,Xiaomi,8,65952.17,Ramesh Kumar,27,Vadodara,Cash,5,Mi 11
550,13,3,2022,Sunday,Apple,5,39286.27,Bhavana Mehta,27,Rajkot,Debit Card,5,iPhone 11
551,13,3,2022,Sunday,OnePlus,5,47826.89,Rohan Pathak,27,Patna,Cash,2,OnePlus Nord
552,14,3,2022,Monday,OnePlus,2,54056.32,Yogesh Patel,26,Indore,UPI,5,OnePlus 9
553,14,3,2022,Monday,Vivo,8,32266.37,Bhavana Bhatnagar,45,Madurai,UPI,5,Vivo Y51
554,14,3,2022,Monday,Xiaomi,2,53206.1,Meena Verma,41,Kanpur,Credit Card,5,Mi 11
555,15,3,2022,Tuesday,OnePlus,6,50559.55,Priyanka Chatterjee,36,Mumbai,Credit Card,5,OnePlus 8T
556,15,3,2022,Tuesday,Vivo,8,52339.56,Shruti Thakur,50,Mumbai,Credit Card,2,Vivo S1
557,15,3,2022,Tuesday,Apple,6,39353.79,Vijay Malhotra,21,Lucknow,Debit Card,5,iPhone 11
558,15,3,2022,Tuesday,OnePlus,4,32976.24,Jyoti Alva,20,Mumbai,Credit Card,2,OnePlus 8T
559,16,3,2022,Wednesday,Vivo,4,23324.93,Monika Chatterjee,59,Coimbatore,Debit Card,2,Vivo V20
560,16,3,2022,Wednesday,Vivo,6,59477.58,Ayesha Sheth,29,Kanpur,Credit Card,4,Vivo S1
561,16,3,2022,Wednesday,Samsung,4,46501,Vivek Rawat,35,Kolkata,UPI,5,Galaxy S21
562,17,3,2022,Thursday,Apple,8,36661.13,Sneha Mishra,40,Rajkot,Credit Card,5,iPhone 11
563,17,3,2022,Thursday,Samsung,9,66639.75,Bhavana Bhatnagar,37,Coimbatore,Cash,3,Galaxy A51
564,17,3,2022,Thursday,Xiaomi,1,12870.33,Pankaj Patel,23,Madurai,Credit Card,5,Mi 11
565,17,3,2022,Thursday,Samsung,4,61010.32,Shruti Dutta,51,Delhi,Cash,4,Galaxy Note 20
566,18,3,2022,Friday,Samsung,4,69854.96,Mala Siddiqui,59,Ranchi,Cash,5,Galaxy A51
567,18,3,2022,Friday,OnePlus,2,63216.53,Nikhil Reddy,19,Gorakhpur,Cash,3,OnePlus 9
568,18,3,2022,Friday,Vivo,6,58626.2,Mala Siddiqui,47,Indore,Cash,4,Vivo S1
569,19,3,2022,Saturday,Apple,3,32458.36,Kiran Malhotra,26,Delhi,Debit Card,2,iPhone SE
570,19,3,2022,Saturday,Samsung,7,23878.85,Pankaj Kapoor,44,Delhi,Debit Card,5,Galaxy S21
571,19,3,2022,Saturday,Apple,5,54091.03,Vivek Ghosh,59,Delhi,Credit Card,5,iPhone SE
572,20,3,2022,Sunday,Samsung,4,28274.52,Gita Teja,51,Mumbai,Credit Card,4,Galaxy S21
573,20,3,2022,Sunday,Xiaomi,5,20562.38,Mala Goyal,57,Ranchi,Debit Card,3,Redmi Note 10
574,20,3,2022,Sunday,Samsung,8,57191.55,Priya Mehta,41,Patna,Credit Card,5,Galaxy A51
575,20,3,2022,Sunday,OnePlus,3,28752.62,Kavita Dutta,34,Delhi,Credit Card,2,OnePlus Nord
576,21,3,2022,Monday,Vivo,7,64866.5,Rohan Singh,46,Jodhpur,Debit Card,5,Vivo V20
577,21,3,2022,Monday,Xiaomi,6,60437.96,Sneha Yadav,53,Mumbai,Debit Card,3,Redmi Note 10
578,21,3,2022,Monday,Samsung,1,60858.42,Yogesh Reddy,29,Ranchi,Credit Card,2,Galaxy S21
579,21,3,2022,Monday,Apple,7,56294.18,Sneha Mehta,48,Jodhpur,Debit Card,3,iPhone 12
580,22,3,2022,Tuesday,Xiaomi,7,62852.89,Kavita Siddiqui,26,Ranchi,UPI,5,Redmi Note 10
581,22,3,2022,Tuesday,Xiaomi,1,58344.81,Rajesh Siddiqui,36,Delhi,Cash,3,Redmi 9
582,22,3,2022,Tuesday,Samsung,9,46150.68,Nikhil Solanki,34,Ludhiana,Cash,5,Galaxy Note 20
583,22,3,2022,Tuesday,Xiaomi,6,27749.36,Jyoti Mehta,19,Chennai,UPI,5,Redmi 9
584,23,3,2022,Wednesday,Apple,2,63292.55,Bhavana Srivastava,57,Mumbai,UPI,5,iPhone 11
585,23,3,2022,Wednesday,Xiaomi,5,60436.22,Lata Kaur,22,Delhi,Credit Card,4,Redmi Note 10
586,23,3,2022,Wednesday,Apple,4,38372.76,Ramesh Dutta,56,Delhi,Credit Card,5,iPhone SE
587,24,3,2022,Thursday,Samsung,7,12344.72,Amit Sheth,33,Mumbai,Cash,5,Galaxy Note 20
588,24,3,2022,Thursday,Vivo,8,48312.62,Kavita Bhatnagar,34,Vadodara,Credit Card,5,Vivo V20
589,24,3,2022,Thursday,Xiaomi,1,13035.81,Bina Goyal,44,Gorakhpur,Cash,3,Redmi 9
590,24,3,2022,Thursday,Vivo,5,65576.8,Manoj Mehta,24,Jodhpur,Credit Card,3,Vivo Y51
591,25,3,2022,Friday,Apple,3,67697.88,Neeta Arora,25,Mumbai,Credit Card,5,iPhone SE
592,25,3,2022,Friday,Xiaomi,1,21369.41,Priya Varma,25,Mumbai,Cash,3,Mi 11
593,25,3,2022,Friday,OnePlus,3,50583.36,Jyoti Sheth,40,Mumbai,UPI,5,OnePlus Nord
594,26,3,2022,Saturday,Vivo,6,15536.14,Shruti Iyer,49,Jodhpur,UPI,5,Vivo S1
595,26,3,2022,Saturday,Xiaomi,7,53771.02,Amit Rathod,35,Bangalore,Credit Card,3,Mi 11
596,26,3,2022,Saturday,Vivo,8,30837.26,Vinod Joshi,55,Hyderabad,UPI,3,Vivo S1
597,27,3,2022,Sunday,Xiaomi,4,50863.01,Anjali Chatterjee,29,Mumbai,Credit Card,5,Redmi 9
598,27,3,2022,Sunday,Samsung,3,32372.59,Devendra Mathur,32,Bhopal,Debit Card,5,Galaxy S21
599,27,3,2022,Sunday,Vivo,5,18734.05,Deepika Sharma,45,Delhi,Debit Card,5,Vivo Y51
600,27,3,2022,Sunday,OnePlus,9,34366.6,Mala Roy,55,Delhi,Debit Card,3,OnePlus Nord
601,28,3,2022,Monday,OnePlus,6,16760.41,Harish Teja,48,Mumbai,UPI,4,OnePlus 8T
602,28,3,2022,Monday,Apple,9,44613,Lata Shah,26,Bangalore,UPI,5,iPhone SE
603,28,3,2022,Monday,Xiaomi,6,12457.09,Deepika Deshmukh,25,Bhopal,Cash,4,Mi 11
604,28,3,2022,Monday,Vivo,2,41639.18,Shruti Iyer,36,Indore,UPI,5,Vivo Y51
605,29,3,2022,Tuesday,Apple,5,63182.12,Harish Kapoor,25,Patna,Credit Card,5,iPhone 12
606,29,3,2022,Tuesday,Vivo,9,60272.4,Rajesh Roy,51,Mumbai,Cash,4,Vivo V20
607,29,3,2022,Tuesday,Xiaomi,8,62966.9,Sachin Iyer,21,Mumbai,UPI,5,Mi 11
608,30,3,2022,Wednesday,OnePlus,7,65322.93,Rajesh Arora,48,Chennai,Cash,4,OnePlus Nord
609,30,3,2022,Wednesday,Samsung,1,16271.67,Sneha Teja,55,Coimbatore,UPI,5,Galaxy Note 20
610,30,3,2022,Wednesday,OnePlus,4,17724.83,Sachin Rawat,20,Kolkata,Credit Card,5,OnePlus Nord
611,31,3,2022,Thursday,Apple,7,43420.41,Lata Nambiar,52,Bhopal,Debit Card,5,iPhone 11
612,31,3,2022,Thursday,Samsung,7,63638.36,Sachin Kaur,36,Delhi,Debit Card,4,Galaxy S21
613,31,3,2022,Thursday,Apple,6,68460.97,Rohan Prasad,46,Bangalore,Credit Card,4,iPhone 12
614,31,3,2022,Thursday,Xiaomi,8,12775.72,Vinod Nambiar,27,Kolkata,Cash,4,Redmi 9
615,1,4,2022,Friday,Samsung,6,31346.45,Meena Prasad,29,Bhopal,Debit Card,5,Galaxy Note 20
616,1,4,2022,Friday,Apple,3,22773.66,Vinod Arora,47,Mumbai,UPI,4,iPhone SE
617,1,4,2022,Friday,Xiaomi,4,55357.95,Navin Joshi,47,Ranchi,UPI,5,Redmi Note 10
618,1,4,2022,Friday,OnePlus,3,48411.63,Sneha Yadav,35,Indore,Cash,4,OnePlus 8T
619,2,4,2022,Saturday,Xiaomi,1,17193.28,Neeta Deshmukh,41,Hyderabad,Cash,5,Redmi Note 10
620,2,4,2022,Saturday,Vivo,5,39011.32,Mala Kulkarni,49,Ludhiana,Credit Card,5,Vivo V20
621,2,4,2022,Saturday,Xiaomi,1,51126.43,Sanjay Jain,26,Delhi,Debit Card,5,Mi 11
622,2,4,2022,Saturday,Xiaomi,1,56740.32,Rajesh Chatterjee,41,Delhi,Cash,5,Redmi 9
623,3,4,2022,Sunday,Vivo,2,11203.16,Namita Deshmukh,43,Delhi,Debit Card,5,Vivo Y51
624,3,4,2022,Sunday,Apple,4,63428.17,Ayesha Luthra,20,Indore,Debit Card,5,iPhone 12
625,3,4,2022,Sunday,Apple,6,44156.88,Krishna Rawat,40,Mumbai,UPI,5,iPhone 12
626,4,4,2022,Monday,Xiaomi,8,58714.55,Gita Dutta,28,Delhi,Cash,4,Redmi Note 10
627,4,4,2022,Monday,Vivo,3,58476.28,Devendra Singh,27,Rajkot,Credit Card,3,Vivo V20
628,4,4,2022,Monday,Vivo,1,21391.16,Rajesh Ghosh,53,Ranchi,Cash,5,Vivo S1
629,5,4,2022,Tuesday,OnePlus,3,16610.33,Vivek Bhatnagar,30,Mumbai,Debit Card,5,OnePlus 8T
630,5,4,2022,Tuesday,Apple,3,53277.24,Krishna Chatterjee,46,Coimbatore,UPI,5,iPhone 11
631,5,4,2022,Tuesday,Samsung,5,19385.62,Shruti Menon,55,Vadodara,Cash,5,Galaxy A51
632,6,4,2022,Wednesday,Apple,4,60996.25,Pooja Dutta,30,Delhi,Cash,5,iPhone SE
633,6,4,2022,Wednesday,Apple,4,53571.37,Isha Dutta,43,Hyderabad,Cash,5,iPhone 12
634,6,4,2022,Wednesday,OnePlus,9,60509.52,Rajesh Pathak,37,Delhi,Credit Card,5,OnePlus 8T
635,7,4,2022,Thursday,Samsung,7,27940.76,Kavita Jain,22,Patna,Credit Card,3,Galaxy Note 20
636,7,4,2022,Thursday,OnePlus,4,28995.88,Umesh Teja,37,Indore,Credit Card,5,OnePlus 8T
637,7,4,2022,Thursday,Samsung,3,50273.29,Anand Siddiqui,31,Delhi,Credit Card,4,Galaxy A51
638,8,4,2022,Friday,Xiaomi,6,11886.76,Kavita Goyal,31,Mumbai,UPI,5,Redmi Note 10
639,8,4,2022,Friday,Samsung,3,53589.8,Ramesh Mishra,25,Delhi,UPI,3,Galaxy S21
640,8,4,2022,Friday,OnePlus,6,60146.98,Kiran Ghosh,30,Jodhpur,Credit Card,5,OnePlus 8T
641,9,4,2022,Saturday,Apple,9,34909.82,Navin Malhotra,41,Delhi,Debit Card,4,iPhone 12
642,9,4,2022,Saturday,Samsung,6,55892.73,Lalita Thakur,32,Mumbai,Credit Card,4,Galaxy A51
643,9,4,2022,Saturday,Samsung,4,20476.66,Harish Kaur,18,Delhi,Credit Card,4,Galaxy A51
644,9,4,2022,Saturday,Vivo,5,29335.62,Anjali Patel,39,Mumbai,Debit Card,5,Vivo Y51
645,10,4,2022,Sunday,Apple,6,68458.3,Kavita Mehta,51,Rajkot,Cash,5,iPhone 12
646,10,4,2022,Sunday,Xiaomi,3,69179.69,Anjali Sharma,57,Delhi,Debit Card,3,Redmi 9
647,10,4,2022,Sunday,OnePlus,8,40756.3,Pooja Pillai,20,Kolkata,Debit Card,4,OnePlus Nord
648,11,4,2022,Monday,Xiaomi,4,66056.19,Priyanka Ghosh,43,Jodhpur,UPI,5,Redmi 9
649,11,4,2022,Monday,Apple,8,41363.84,Manoj Jain,31,Delhi,Cash,5,iPhone SE
650,11,4,2022,Monday,Samsung,3,27495.29,Harish Mehta,58,Madurai,Debit Card,5,Galaxy S21
651,12,4,2022,Tuesday,Samsung,7,26013.96,Priyanka Pathak,25,Madurai,Credit Card,5,Galaxy A51
652,12,4,2022,Tuesday,Apple,9,65770.34,Arun Dutta,33,Mumbai,Debit Card,3,iPhone SE
653,12,4,2022,Tuesday,Samsung,4,20346.78,Amit Ghosh,59,Hyderabad,UPI,5,Galaxy S21
654,13,4,2022,Wednesday,Samsung,8,44777.95,Anita Shah,38,Coimbatore,Debit Card,4,Galaxy Note 20
655,13,4,2022,Wednesday,Samsung,3,43331.5,Tanuja Mathur,27,Hyderabad,Credit Card,5,Galaxy Note 20
656,13,4,2022,Wednesday,OnePlus,7,54377.3,Bhavana Sheth,42,Bangalore,Cash,3,OnePlus Nord
657,13,4,2022,Wednesday,OnePlus,3,39954.57,Sachin Arora,55,Delhi,UPI,5,OnePlus 8T
658,14,4,2022,Thursday,Vivo,7,26337.14,Rajesh Chatterjee,39,Mumbai,Cash,3,Vivo V20
659,14,4,2022,Thursday,Xiaomi,6,20163.79,Rajesh Prasad,21,Mumbai,UPI,5,Redmi 9
660,14,4,2022,Thursday,Apple,2,47249.13,Vijay Das,21,Bangalore,Credit Card,5,iPhone 12
661,15,4,2022,Friday,Apple,3,53139.45,Sunita Verma,47,Vadodara,UPI,5,iPhone 11
662,15,4,2022,Friday,Apple,6,44171.28,Sunita Sharma,19,Rajkot,Cash,5,iPhone 11
663,15,4,2022,Friday,Vivo,4,54301.08,Radha Rao,46,Delhi,Cash,4,Vivo S1
664,16,4,2022,Saturday,OnePlus,6,18491.27,Amit Teja,53,Delhi,Debit Card,5,OnePlus 8T
665,16,4,2022,Saturday,Vivo,1,62948.21,Monika Dutta,38,Mumbai,Cash,5,Vivo S1
666,16,4,2022,Saturday,Apple,1,44943.73,Namita Kapoor,38,Hyderabad,Debit Card,3,iPhone SE
667,16,4,2022,Saturday,Xiaomi,3,17610.64,Sunita Ahuja,38,Hyderabad,Cash,5,Redmi Note 10
668,17,4,2022,Sunday,Samsung,8,37715.51,Reena Desai,21,Delhi,Debit Card,3,Galaxy Note 20
669,17,4,2022,Sunday,OnePlus,8,60687.5,Bhavana Mehta,18,Bhopal,Credit Card,5,OnePlus 8T
670,17,4,2022,Sunday,OnePlus,4,63853.73,Bina Teja,43,Mumbai,Debit Card,3,OnePlus Nord
671,18,4,2022,Monday,Vivo,6,25878.97,Ravi Kumar,19,Vadodara,Cash,5,Vivo S1
672,18,4,2022,Monday,OnePlus,8,52675.95,Sunil Singh,26,Delhi,Credit Card,5,OnePlus Nord
673,18,4,2022,Monday,Apple,7,15999.11,Meena Pillai,35,Gorakhpur,UPI,3,iPhone SE
674,19,4,2022,Tuesday,Apple,7,12012.75,Ayesha Siddiqui,59,Mumbai,Cash,4,iPhone 12
675,19,4,2022,Tuesday,Vivo,4,43623.94,Bina Singh,58,Delhi,Debit Card,5,Vivo Y51
676,19,4,2022,Tuesday,Apple,9,51689.65,Lata Patel,28,Delhi,UPI,5,iPhone 12
677,20,4,2022,Wednesday,Xiaomi,6,57747.2,Lalita Shah,42,Kolkata,Debit Card,4,Mi 11
678,20,4,2022,Wednesday,Vivo,3,30412.97,Pooja Dutta,43,Delhi,UPI,5,Vivo V20
679,20,4,2022,Wednesday,Xiaomi,5,10391.52,Priya Mehta,53,Gorakhpur,Credit Card,4,Redmi 9
680,21,4,2022,Thursday,Samsung,5,38771.15,Yogesh Mishra,59,Gorakhpur,Cash,5,Galaxy S21
681,21,4,2022,Thursday,Xiaomi,5,10951.21,Mala Goyal,52,Delhi,Credit Card,5,Redmi Note 10
682,21,4,2022,Thursday,Samsung,8,15519.07,Vinod Chatterjee,55,Delhi,Cash,5,Galaxy A51
683,22,4,2022,Friday,Samsung,9,29601.34,Sunita Luthra,20,Coimbatore,UPI,5,Galaxy A51
684,22,4,2022,Friday,Xiaomi,9,36230.32,Anand Joshi,58,Ranchi,Credit Card,5,Mi 11
685,22,4,2022,Friday,Vivo,6,26768.17,Lata Chaudhary,52,Coimbatore,Cash,4,Vivo Y51
686,22,4,2022,Friday,Apple,6,44911.92,Harish Mehta,57,Hyderabad,UPI,5,iPhone 12
687,23,4,2022,Saturday,Apple,9,13320.99,Neeta Menon,39,Mumbai,Credit Card,5,iPhone 12
688,23,4,2022,Saturday,Samsung,4,18674.78,Pankaj Shah,25,Bangalore,Credit Card,3,Galaxy S21
689,23,4,2022,Saturday,Samsung,6,51715.5,Prashant Deshmukh,32,Delhi,Credit Card,5,Galaxy A51
690,23,4,2022,Saturday,Vivo,4,18528.45,Sunita Verma,24,Delhi,Credit Card,5,Vivo Y51
691,24,4,2022,Sunday,OnePlus,1,48386.51,Gita Teja,36,Hyderabad,Debit Card,5,OnePlus 9
692,24,4,2022,Sunday,Xiaomi,7,13281.08,Sachin Goyal,57,Bhopal,UPI,3,Mi 11
693,24,4,2022,Sunday,Samsung,6,34442.94,Bina Goyal,59,Ludhiana,Debit Card,5,Galaxy Note 20
694,24,4,2022,Sunday,Apple,9,20644.57,Sneha Arora,34,Delhi,UPI,5,iPhone SE
695,25,4,2022,Monday,Vivo,7,16578.18,Ravi Reddy,18,Ranchi,UPI,5,Vivo S1
696,25,4,2022,Monday,Xiaomi,7,44021.97,Navin Pathak,46,Coimbatore,UPI,4,Redmi Note 10
697,25,4,2022,Monday,Vivo,2,65700.15,Nikhil Jain,30,Mumbai,Cash,3,Vivo V20
698,26,4,2022,Tuesday,Xiaomi,9,13287.22,Amit Ghosh,46,Rajkot,UPI,5,Redmi Note 10
699,26,4,2022,Tuesday,Xiaomi,9,35293.25,Lalita Rathod,58,Mumbai,Credit Card,5,Redmi Note 10
700,26,4,2022,Tuesday,Samsung,6,52452.13,Isha Kaur,59,Ranchi,Debit Card,5,Galaxy S21
701,27,4,2022,Wednesday,Vivo,3,37761.27,Vivek Mishra,23,Delhi,Credit Card,5,Vivo Y51
702,27,4,2022,Wednesday,Vivo,1,58389.76,Kavita Desai,22,Kanpur,Credit Card,5,Vivo Y51
703,27,4,2022,Wednesday,Apple,4,20778.72,Anjali Pathak,51,Hyderabad,Debit Card,4,iPhone SE
704,28,4,2022,Thursday,Apple,3,67575.65,Monika Rathod,28,Mumbai,Credit Card,5,iPhone SE
705,28,4,2022,Thursday,Samsung,1,33109.76,Anita Kulkarni,26,Delhi,Cash,5,Galaxy Note 20
706,28,4,2022,Thursday,Samsung,3,30494.18,Namita Patel,55,Mumbai,Credit Card,5,Galaxy A51
707,28,4,2022,Thursday,OnePlus,4,62476.35,Priyanka Goyal,57,Delhi,Credit Card,5,OnePlus Nord
708,29,4,2022,Friday,Apple,8,43832.02,Bina Siddiqui,58,Delhi,Debit Card,5,iPhone 12
709,29,4,2022,Friday,Xiaomi,9,40986.66,Meena Verma,26,Jodhpur,Credit Card,5,Redmi 9
710,29,4,2022,Friday,Vivo,3,53618.68,Aditya Rao,25,Indore,Debit Card,5,Vivo S1
711,30,4,2022,Saturday,Samsung,6,44790.05,Rohan Goyal,57,Mumbai,UPI,3,Galaxy A51
712,30,4,2022,Saturday,Vivo,5,19750.94,Amit Chatterjee,20,Kolkata,UPI,5,Vivo Y51
713,30,4,2022,Saturday,Vivo,6,50451.86,Devendra Singh,30,Chennai,Cash,5,Vivo Y51
714,1,5,2022,Sunday,OnePlus,4,18008.13,Bhavana Malhotra,36,Jodhpur,Debit Card,5,OnePlus 9
715,1,5,2022,Sunday,Apple,6,58351.46,Lata Shah,51,Bhopal,Debit Card,4,iPhone SE
716,1,5,2022,Sunday,Samsung,7,69384.2,Vijay Malhotra,49,Mumbai,Debit Card,5,Galaxy Note 20
717,1,5,2022,Sunday,Vivo,9,32643.26,Tapan Luthra,33,Delhi,Cash,5,Vivo V20
718,2,5,2022,Monday,Samsung,7,36685.35,Vivek Alva,53,Delhi,Cash,4,Galaxy A51
719,2,5,2022,Monday,Xiaomi,6,12786.02,Manoj Luthra,35,Kolkata,Credit Card,5,Redmi Note 10
720,2,5,2022,Monday,OnePlus,1,10823.99,Sachin Jain,31,Bhopal,Debit Card,5,OnePlus 9
721,3,5,2022,Tuesday,Xiaomi,2,65285.16,Sumit Joshi,47,Kolkata,Cash,5,Redmi 9
722,3,5,2022,Tuesday,Samsung,1,17717.44,Bhavana Varma,19,Delhi,UPI,4,Galaxy Note 20
723,3,5,2022,Tuesday,Samsung,9,36746.72,Jyoti Alva,30,Indore,UPI,5,Galaxy A51
724,3,5,2022,Tuesday,Apple,9,58921.28,Amit Ghosh,44,Madurai,Debit Card,5,iPhone SE
725,4,5,2022,Wednesday,Vivo,7,63359.13,Arun Sheth,34,Gorakhpur,UPI,5,Vivo S1
726,4,5,2022,Wednesday,Vivo,2,41163.86,Meena Malhotra,48,Delhi,Credit Card,4,Vivo Y51
727,4,5,2022,Wednesday,Xiaomi,6,43901.95,Pankaj Shah,32,Chennai,Credit Card,4,Redmi 9
728,4,5,2022,Wednesday,OnePlus,4,50181.04,Ravi Varma,37,Hyderabad,Debit Card,5,OnePlus 8T
729,5,5,2022,Thursday,Vivo,1,67682.95,Tanuja Reddy,22,Delhi,Cash,4,Vivo V20
730,5,5,2022,Thursday,Apple,1,46160.2,Sunita Mehta,24,Delhi,Cash,5,iPhone 11
731,5,5,2022,Thursday,Xiaomi,5,43568.52,Lalita Patel,35,Hyderabad,Cash,4,Redmi Note 10
732,5,5,2022,Thursday,Xiaomi,2,10872.05,Anjali Thakur,28,Delhi,Cash,3,Redmi Note 10
733,6,5,2022,Friday,Apple,4,14856.98,Yogesh Malhotra,49,Delhi,Debit Card,5,iPhone SE
734,6,5,2022,Friday,OnePlus,1,44630.3,Deepika Malhotra,44,Bhopal,Credit Card,5,OnePlus 8T
735,6,5,2022,Friday,Apple,4,66174.42,Sunil Varma,43,Delhi,Debit Card,5,iPhone 12
736,7,5,2022,Saturday,OnePlus,6,62001.48,Jyoti Iyer,54,Mumbai,Debit Card,5,OnePlus 9
737,7,5,2022,Saturday,Apple,4,68954.74,Sneha Patel,45,Delhi,UPI,3,iPhone 11
738,7,5,2022,Saturday,Apple,1,41670.04,Yogesh Roy,19,Gorakhpur,Credit Card,5,iPhone 11
739,8,5,2022,Sunday,Samsung,7,57275.86,Kavita Siddiqui,37,Delhi,Cash,5,Galaxy S21
740,8,5,2022,Sunday,Xiaomi,2,60424.02,Pooja Arora,21,Delhi,Credit Card,5,Redmi Note 10
741,8,5,2022,Sunday,Apple,9,48881.9,Arun Ghosh,30,Ranchi,UPI,5,iPhone 11
742,9,5,2022,Monday,Apple,3,30324.99,Aditya Luthra,41,Bangalore,Debit Card,5,iPhone 11
743,9,5,2022,Monday,Vivo,8,38198.71,Navin Chaudhary,55,Bangalore,Credit Card,4,Vivo V20
744,9,5,2022,Monday,Xiaomi,8,61475.02,Kunal Deshmukh,57,Delhi,UPI,5,Redmi 9
745,10,5,2022,Tuesday,Vivo,3,27912.88,Pankaj Srivastava,46,Mumbai,Debit Card,5,Vivo Y51
746,10,5,2022,Tuesday,Xiaomi,4,65424.59,Krishna Pillai,53,Delhi,Cash,3,Redmi Note 10
747,10,5,2022,Tuesday,Vivo,2,23788.38,Mala Mathur,19,Delhi,Credit Card,5,Vivo V20
748,11,5,2022,Wednesday,Apple,4,54970.98,Navin Kapoor,58,Delhi,Cash,4,iPhone SE
749,11,5,2022,Wednesday,Apple,9,47833.55,Neeta Ghosh,35,Mumbai,Cash,4,iPhone 11
750,11,5,2022,Wednesday,Samsung,2,54975.97,Manoj Kulkarni,25,Delhi,UPI,5,Galaxy S21
751,12,5,2022,Thursday,Vivo,3,36240.85,Ravi Ghosh,32,Mumbai,UPI,5,Vivo S1
752,12,5,2022,Thursday,OnePlus,4,65958.46,Kiran Siddiqui,58,Kanpur,Debit Card,5,OnePlus 8T
753,12,5,2022,Thursday,Samsung,5,47948.33,Mala Verma,34,Vadodara,Cash,4,Galaxy A51
754,13,5,2022,Friday,Vivo,1,27297.75,Jyoti Ahuja,40,Delhi,UPI,4,Vivo V20
755,13,5,2022,Friday,Vivo,7,48307.3,Umesh Kaur,19,Mumbai,UPI,3,Vivo S1
756,13,5,2022,Friday,Samsung,7,27208.94,Nikhil Varma,23,Bhopal,Cash,3,Galaxy S21
757,13,5,2022,Friday,Apple,9,27617.94,Namita Mehta,46,Rajkot,Debit Card,4,iPhone 12
758,14,5,2022,Saturday,Vivo,4,33975.91,Isha Dutta,44,Madurai,Cash,3,Vivo S1
759,14,5,2022,Saturday,Apple,6,61145.83,Vinod Arora,54,Vadodara,Debit Card,3,iPhone SE
760,14,5,2022,Saturday,Samsung,2,40017.87,Meena Mathur,51,Mumbai,Debit Card,3,Galaxy S21
761,15,5,2022,Sunday,Apple,4,50734.05,Sunil Kumar,35,Madurai,UPI,4,iPhone SE
762,15,5,2022,Sunday,Xiaomi,2,33518.06,Rohan Singh,59,Delhi,Cash,5,Mi 11
763,15,5,2022,Sunday,OnePlus,5,25816.33,Anand Kapoor,27,Vadodara,Cash,5,OnePlus 8T
764,15,5,2022,Sunday,Vivo,7,67278.41,Mala Ghosh,55,Rajkot,UPI,5,Vivo S1
765,16,5,2022,Monday,OnePlus,1,46214.87,Priya Kaur,34,Mumbai,Credit Card,3,OnePlus Nord
766,16,5,2022,Monday,Apple,7,66037.08,Meena Joshi,30,Mumbai,Credit Card,5,iPhone 11
767,16,5,2022,Monday,Vivo,6,22204.78,Sachin Joshi,59,Madurai,Cash,5,Vivo V20
768,17,5,2022,Tuesday,Apple,6,18813.65,Arun Dutta,44,Bangalore,UPI,5,iPhone 12
769,17,5,2022,Tuesday,Xiaomi,8,61349.37,Sunita Nair,19,Madurai,Debit Card,3,Mi 11
770,17,5,2022,Tuesday,Samsung,8,50855.03,Rajesh Kaur,51,Patna,Debit Card,5,Galaxy S21
771,18,5,2022,Wednesday,Vivo,6,21194.71,Anand Kaur,48,Coimbatore,Cash,5,Vivo S1
772,18,5,2022,Wednesday,Xiaomi,3,26161.58,Kunal Yadav,40,Mumbai,UPI,5,Redmi 9
773,18,5,2022,Wednesday,Xiaomi,5,58039.84,Rohan Sheth,24,Delhi,Cash,5,Mi 11
774,19,5,2022,Thursday,Vivo,2,37232.12,Vivek Bhattacharya,55,Kanpur,Cash,5,Vivo Y51
775,19,5,2022,Thursday,Apple,5,50232.43,Ravi Gupta,50,Delhi,UPI,3,iPhone 11
776,19,5,2022,Thursday,Xiaomi,9,29101.12,Ravi Bhattacharya,29,Delhi,Cash,5,Mi 11
777,19,5,2022,Thursday,OnePlus,1,32873.8,Deepika Shah,29,Kolkata,Debit Card,4,OnePlus 9
778,20,5,2022,Friday,Xiaomi,5,69442.75,Shruti Shah,36,Mumbai,Credit Card,3,Redmi Note 10
779,20,5,2022,Friday,Apple,6,24857.03,Namita Mehta,26,Delhi,Debit Card,4,iPhone 12
780,20,5,2022,Friday,Apple,7,40387.38,Radha Pathak,27,Rajkot,Credit Card,5,iPhone SE
781,20,5,2022,Friday,OnePlus,9,60664.14,Arun Chaudhary,34,Delhi,UPI,5,OnePlus Nord
782,21,5,2022,Saturday,Xiaomi,6,24353.39,Arun Goyal,57,Delhi,Cash,3,Mi 11
783,21,5,2022,Saturday,Apple,5,34912.83,Umesh Srivastava,56,Indore,Credit Card,3,iPhone 11
784,21,5,2022,Saturday,Vivo,7,46905.48,Deepika Patel,58,Chennai,UPI,5,Vivo V20
785,21,5,2022,Saturday,Samsung,1,38871.29,Amit Prasad,27,Mumbai,UPI,2,Galaxy S21
786,22,5,2022,Sunday,Samsung,5,37570.14,Yogesh Sharma,29,Delhi,UPI,5,Galaxy S21
787,22,5,2022,Sunday,Samsung,2,31750.58,Monika Deshmukh,32,Delhi,Debit Card,5,Galaxy Note 20
788,22,5,2022,Sunday,Xiaomi,4,45198.78,Tanuja Dutta,48,Rajkot,Debit Card,3,Redmi Note 10
789,22,5,2022,Sunday,OnePlus,7,47462.36,Sunil Patel,32,Indore,Credit Card,2,OnePlus 8T
790,23,5,2022,Monday,Apple,5,49197.37,Amit Sheth,45,Mumbai,Credit Card,3,iPhone 11
791,23,5,2022,Monday,Vivo,6,14222.09,Vivek Luthra,21,Mumbai,Debit Card,4,Vivo S1
792,23,5,2022,Monday,Vivo,2,47862.05,Radha Alva,53,Gorakhpur,Credit Card,3,Vivo S1
793,24,5,2022,Tuesday,Xiaomi,3,67194.23,Radha Alva,18,Coimbatore,Credit Card,5,Mi 11
794,24,5,2022,Tuesday,Samsung,7,42459.17,Tapan Rawat,51,Mumbai,Cash,5,Galaxy S21
795,24,5,2022,Tuesday,Xiaomi,2,52916.02,Sumit Roy,34,Ludhiana,Credit Card,3,Mi 11
796,24,5,2022,Tuesday,OnePlus,6,43403.94,Sachin Shah,56,Delhi,UPI,4,OnePlus 8T
797,25,5,2022,Wednesday,OnePlus,5,61284.44,Sunil Jain,55,Mumbai,Cash,4,OnePlus 8T
798,25,5,2022,Wednesday,Apple,1,65774.99,Bina Mishra,50,Ludhiana,Credit Card,5,iPhone 11
799,25,5,2022,Wednesday,Apple,4,21053.19,Arun Yadav,38,Indore,Cash,4,iPhone SE
800,26,5,2022,Thursday,OnePlus,2,36211.6,Jyoti Bhattacharya,43,Delhi,UPI,5,OnePlus Nord
801,26,5,2022,Thursday,OnePlus,4,33542.93,Sunita Teja,53,Hyderabad,Credit Card,5,OnePlus 8T
802,26,5,2022,Thursday,OnePlus,1,34312.91,Kiran Siddiqui,22,Kanpur,Cash,5,OnePlus Nord
803,27,5,2022,Friday,Xiaomi,2,17531.45,Meena Yadav,50,Bangalore,Credit Card,2,Redmi 9
804,27,5,2022,Friday,OnePlus,8,58816.94,Mala Malhotra,18,Delhi,Cash,4,OnePlus 9
805,27,5,2022,Friday,Vivo,6,12145.97,Anita Srivastava,23,Delhi,Cash,4,Vivo S1
806,27,5,2022,Friday,Samsung,2,41693.6,Sachin Varma,54,Bhopal,UPI,3,Galaxy A51
807,28,5,2022,Saturday,OnePlus,6,49712.7,Pankaj Shah,19,Coimbatore,UPI,2,OnePlus 8T
808,28,5,2022,Saturday,Samsung,9,22448.17,Prashant Shah,22,Kolkata,Credit Card,3,Galaxy A51
809,28,5,2022,Saturday,Xiaomi,7,64351.01,Navin Gupta,43,Mumbai,Debit Card,5,Redmi 9
810,28,5,2022,Saturday,Samsung,9,60312.95,Pankaj Alva,58,Indore,Credit Card,5,Galaxy A51
811,29,5,2022,Sunday,Xiaomi,5,38265.02,Amit Joshi,30,Delhi,Cash,4,Mi 11
812,29,5,2022,Sunday,Vivo,7,34668.94,Prashant Chatterjee,29,Mumbai,UPI,5,Vivo Y51
813,29,5,2022,Sunday,Xiaomi,7,24194.08,Jyoti Gupta,22,Lucknow,UPI,5,Redmi 9
814,29,5,2022,Sunday,Xiaomi,3,53799.59,Meena Malhotra,19,Coimbatore,Cash,5,Mi 11
815,30,5,2022,Monday,Apple,7,17904.63,Priya Roy,21,Delhi,Debit Card,2,iPhone 11
816,30,5,2022,Monday,OnePlus,1,50814.27,Shruti Verma,44,Hyderabad,UPI,3,OnePlus 9
817,30,5,2022,Monday,OnePlus,9,60547.42,Priya Singh,27,Jodhpur,Debit Card,4,OnePlus Nord
818,30,5,2022,Monday,Vivo,6,23708.29,Amit Goyal,30,Delhi,UPI,4,Vivo V20
819,31,5,2022,Tuesday,Vivo,5,61985.64,Aditya Nair,19,Indore,Cash,5,Vivo S1
820,31,5,2022,Tuesday,OnePlus,7,11999.39,Aditya Jain,43,Mumbai,Credit Card,2,OnePlus Nord
821,31,5,2022,Tuesday,Apple,5,64767.24,Aditya Rao,32,Mumbai,Credit Card,5,iPhone 12
822,31,5,2022,Tuesday,OnePlus,5,17101.73,Anita Menon,27,Kolkata,Debit Card,2,OnePlus 9
823,1,6,2022,Wednesday,Apple,7,48745.55,Pooja Joshi,39,Rajkot,Credit Card,4,iPhone SE
824,1,6,2022,Wednesday,Vivo,7,25004.95,Krishna Goyal,57,Delhi,Cash,3,Vivo V20
825,1,6,2022,Wednesday,Samsung,3,60193.14,Sumit Teja,42,Delhi,Credit Card,5,Galaxy S21
826,1,6,2022,Wednesday,Vivo,3,40738.02,Kiran Mathur,32,Delhi,Debit Card,5,Vivo Y51
827,2,6,2022,Thursday,Vivo,3,18114.47,Bina Solanki,30,Kanpur,Cash,5,Vivo S1
828,2,6,2022,Thursday,Xiaomi,6,44259.49,Sneha Yadav,25,Lucknow,Cash,5,Mi 11
829,2,6,2022,Thursday,Xiaomi,6,34472.96,Pooja Kaur,38,Delhi,UPI,3,Redmi 9
830,2,6,2022,Thursday,Xiaomi,3,49686.87,Namita Ghosh,38,Mumbai,UPI,4,Mi 11
831,3,6,2022,Friday,Xiaomi,3,62914.2,Sunita Mathur,39,Rajkot,Credit Card,4,Redmi 9
832,3,6,2022,Friday,Apple,8,34563.35,Vivek Srivastava,50,Delhi,Debit Card,2,iPhone 11
833,3,6,2022,Friday,OnePlus,8,27392.84,Radha Sheth,44,Delhi,Cash,2,OnePlus Nord
834,3,6,2022,Friday,Samsung,7,10870.91,Nikhil Menon,57,Ludhiana,Credit Card,4,Galaxy Note 20
835,4,6,2022,Saturday,Vivo,4,44490.34,Aditya Kulkarni,39,Kolkata,Credit Card,5,Vivo V20
836,4,6,2022,Saturday,Apple,4,34136.49,Krishna Rathod,47,Delhi,UPI,3,iPhone SE
837,4,6,2022,Saturday,Samsung,3,32478.95,Reena Arora,26,Patna,Credit Card,4,Galaxy S21
838,5,6,2022,Sunday,Apple,5,20976.12,Anita Pathak,52,Mumbai,Credit Card,3,iPhone 11
839,5,6,2022,Sunday,Apple,3,35803.32,Yogesh Rao,35,Coimbatore,UPI,5,iPhone SE
840,5,6,2022,Sunday,Vivo,8,69066.52,Umesh Teja,59,Indore,Credit Card,5,Vivo Y51
841,5,6,2022,Sunday,OnePlus,7,27865.25,Vivek Yadav,22,Hyderabad,Credit Card,5,OnePlus 8T
842,6,6,2022,Monday,Xiaomi,3,45982.26,Sunil Siddiqui,44,Delhi,Cash,4,Redmi Note 10
843,6,6,2022,Monday,OnePlus,9,56589.21,Vivek Srivastava,23,Patna,Credit Card,2,OnePlus Nord
844,6,6,2022,Monday,Vivo,5,54949.47,Navin Pathak,49,Ranchi,UPI,4,Vivo Y51
845,6,6,2022,Monday,Vivo,9,29726.46,Tanuja Goyal,25,Delhi,UPI,5,Vivo V20
846,7,6,2022,Tuesday,Vivo,7,46651.61,Tanuja Bhatnagar,56,Delhi,Cash,3,Vivo V20
847,7,6,2022,Tuesday,Samsung,7,62275.88,Monika Srivastava,38,Rajkot,UPI,4,Galaxy S21
848,7,6,2022,Tuesday,OnePlus,6,10926.85,Priyanka Goyal,35,Kanpur,UPI,2,OnePlus 9
849,8,6,2022,Wednesday,OnePlus,2,36144.06,Harish Prasad,31,Mumbai,UPI,5,OnePlus 8T
850,8,6,2022,Wednesday,Apple,9,23456.41,Vinod Ahuja,32,Patna,Credit Card,4,iPhone 11
851,8,6,2022,Wednesday,Apple,6,33317.94,Tapan Gupta,59,Ludhiana,Cash,5,iPhone 11
852,8,6,2022,Wednesday,Apple,8,34959.38,Tapan Joshi,43,Lucknow,Debit Card,5,iPhone SE
853,9,6,2022,Thursday,Vivo,1,54800.26,Krishna Menon,49,Delhi,Cash,5,Vivo S1
854,9,6,2022,Thursday,OnePlus,5,15629.31,Pankaj Sheth,56,Mumbai,Cash,3,OnePlus 9
855,9,6,2022,Thursday,Vivo,1,40755.03,Anand Srivastava,45,Mumbai,Cash,5,Vivo Y51
856,10,6,2022,Friday,Samsung,8,43851.69,Rohan Dutta,56,Delhi,Debit Card,5,Galaxy S21
857,10,6,2022,Friday,Apple,8,39649.46,Pooja Kaur,49,Delhi,Debit Card,2,iPhone 11
858,10,6,2022,Friday,Vivo,1,53912.4,Yogesh Kulkarni,30,Kanpur,UPI,2,Vivo S1
859,11,6,2022,Saturday,Vivo,9,33027.48,Sachin Joshi,32,Ranchi,Credit Card,5,Vivo V20
860,11,6,2022,Saturday,Samsung,2,66698.02,Devendra Rao,35,Indore,UPI,2,Galaxy Note 20
861,11,6,2022,Saturday,Xiaomi,9,38908.21,Manoj Pathak,56,Ranchi,UPI,5,Mi 11
862,11,6,2022,Saturday,OnePlus,1,44272.83,Kunal Deshmukh,23,Gorakhpur,Debit Card,4,OnePlus 8T
863,12,6,2022,Sunday,Xiaomi,9,59531.85,Ayesha Ghosh,28,Ranchi,UPI,5,Redmi Note 10
864,12,6,2022,Sunday,Apple,4,26514.17,Rohan Mishra,49,Mumbai,UPI,4,iPhone SE
865,12,6,2022,Sunday,Vivo,9,14512.12,Sumit Alva,57,Ludhiana,Debit Card,2,Vivo Y51
866,13,6,2022,Monday,Samsung,7,52467.04,Anita Mehta,37,Mumbai,Cash,3,Galaxy S21
867,13,6,2022,Monday,Samsung,6,38980.71,Umesh Menon,50,Kolkata,Cash,3,Galaxy Note 20
868,13,6,2022,Monday,OnePlus,5,63790.26,Deepika Gupta,57,Indore,Debit Card,5,OnePlus 9
869,14,6,2022,Tuesday,Xiaomi,9,68960.8,Tanuja Dutta,25,Kolkata,Credit Card,5,Redmi 9
870,14,6,2022,Tuesday,OnePlus,2,33946.56,Sachin Rawat,52,Vadodara,UPI,2,OnePlus 8T
871,14,6,2022,Tuesday,Vivo,2,34926.34,Ayesha Kaur,22,Jodhpur,Cash,3,Vivo V20
872,15,6,2022,Wednesday,OnePlus,9,34477.76,Anjali Ahuja,52,Coimbatore,Debit Card,3,OnePlus 8T
873,15,6,2022,Wednesday,Samsung,3,29473.25,Isha Nair,31,Jodhpur,Credit Card,5,Galaxy S21
874,15,6,2022,Wednesday,Samsung,8,56901.23,Bhavana Kapoor,38,Lucknow,UPI,3,Galaxy A51
875,16,6,2022,Thursday,Apple,9,55539.75,Prashant Dutta,41,Bhopal,Debit Card,5,iPhone SE
876,16,6,2022,Thursday,Apple,8,38718.69,Anand Kaur,34,Rajkot,Debit Card,5,iPhone 12
877,16,6,2022,Thursday,Vivo,4,12679.67,Deepika Verma,35,Kanpur,Debit Card,3,Vivo S1
878,16,6,2022,Thursday,Xiaomi,1,28573.56,Kiran Rathod,51,Madurai,UPI,4,Mi 11
879,17,6,2022,Friday,OnePlus,4,27538.18,Meena Das,29,Mumbai,Cash,2,OnePlus Nord
880,17,6,2022,Friday,Vivo,9,58665.23,Pankaj Srivastava,33,Delhi,UPI,5,Vivo Y51
881,17,6,2022,Friday,Apple,2,15254.53,Sneha Rao,21,Ranchi,UPI,3,iPhone SE
882,18,6,2022,Saturday,OnePlus,3,58340.52,Nikhil Patel,42,Jodhpur,Cash,3,OnePlus Nord
883,18,6,2022,Saturday,Apple,8,50151.02,Lalita Siddiqui,51,Delhi,Debit Card,5,iPhone 11
884,18,6,2022,Saturday,OnePlus,6,53946.49,Radha Kulkarni,45,Delhi,Credit Card,4,OnePlus Nord
885,18,6,2022,Saturday,Xiaomi,8,35932.79,Meena Kumar,28,Vadodara,Credit Card,3,Mi 11
886,19,6,2022,Sunday,Vivo,7,50783.55,Vinod Chatterjee,30,Kolkata,Cash,5,Vivo Y51
887,19,6,2022,Sunday,OnePlus,5,46541.74,Priyanka Nambiar,48,Rajkot,Cash,2,OnePlus Nord
888,19,6,2022,Sunday,Samsung,9,56138.81,Reena Teja,42,Delhi,Debit Card,5,Galaxy A51
889,20,6,2022,Monday,Samsung,4,36806.19,Manoj Jain,56,Coimbatore,Credit Card,3,Galaxy Note 20
890,20,6,2022,Monday,OnePlus,6,38369.54,Ramesh Mishra,27,Delhi,Credit Card,2,OnePlus 9
891,20,6,2022,Monday,OnePlus,2,48614.57,Anita Srivastava,41,Kolkata,Debit Card,5,OnePlus Nord
892,21,6,2022,Tuesday,OnePlus,2,16484.65,Namita Sheth,18,Kolkata,Cash,5,OnePlus Nord
893,21,6,2022,Tuesday,Samsung,2,36174.67,Mala Chatterjee,42,Gorakhpur,Cash,5,Galaxy S21
894,21,6,2022,Tuesday,Samsung,7,68317.05,Sumit Joshi,45,Gorakhpur,Debit Card,4,Galaxy S21
895,22,6,2022,Wednesday,OnePlus,2,12253.14,Vivek Bhatnagar,53,Delhi,Cash,5,OnePlus Nord
896,22,6,2022,Wednesday,Apple,2,28960.28,Radha Kulkarni,35,Ranchi,UPI,5,iPhone SE
897,22,6,2022,Wednesday,Apple,9,28846.59,Tapan Deshmukh,23,Delhi,Cash,4,iPhone SE
898,23,6,2022,Thursday,Xiaomi,7,48007.85,Sachin Rao,19,Delhi,UPI,5,Redmi Note 10
899,23,6,2022,Thursday,Vivo,3,16348.02,Gita Teja,20,Delhi,Credit Card,5,Vivo S1
900,23,6,2022,Thursday,Apple,3,47712.64,Priya Patel,25,Delhi,Credit Card,4,iPhone 12
901,23,6,2022,Thursday,Samsung,7,15702.41,Anand Thakur,48,Lucknow,Cash,5,Galaxy S21
902,24,6,2022,Friday,Apple,5,15697.22,Sneha Thakur,36,Patna,Debit Card,2,iPhone 11
903,24,6,2022,Friday,Xiaomi,6,53691,Arun Deshmukh,23,Mumbai,Cash,3,Redmi Note 10
904,24,6,2022,Friday,Xiaomi,8,29448.11,Isha Nair,31,Rajkot,Debit Card,5,Mi 11
905,24,6,2022,Friday,Vivo,9,68645.38,Bina Joshi,20,Gorakhpur,Credit Card,5,Vivo V20
906,25,6,2022,Saturday,Apple,1,12241.18,Arun Dutta,18,Lucknow,Credit Card,3,iPhone 12
907,25,6,2022,Saturday,Samsung,3,36706.4,Aditya Luthra,47,Indore,Credit Card,5,Galaxy Note 20
908,25,6,2022,Saturday,Samsung,7,16788.16,Kiran Rawat,36,Mumbai,Debit Card,3,Galaxy Note 20
909,26,6,2022,Sunday,OnePlus,6,31082.74,Ramesh Chatterjee,36,Delhi,Debit Card,4,OnePlus 8T
910,26,6,2022,Sunday,Samsung,7,69893.35,Meena Mathur,26,Bhopal,Credit Card,5,Galaxy Note 20
911,26,6,2022,Sunday,Vivo,8,63330.55,Krishna Mehta,24,Delhi,Cash,5,Vivo Y51
912,27,6,2022,Monday,Vivo,6,12899.46,Pankaj Desai,54,Coimbatore,Debit Card,2,Vivo Y51
913,27,6,2022,Monday,Samsung,3,43795.35,Navin Joshi,58,Hyderabad,UPI,2,Galaxy Note 20
914,27,6,2022,Monday,Samsung,2,48869.34,Ravi Teja,24,Lucknow,Credit Card,3,Galaxy S21
915,27,6,2022,Monday,OnePlus,7,22572.08,Neeta Mishra,26,Hyderabad,Debit Card,4,OnePlus 9
916,28,6,2022,Tuesday,Samsung,1,18706.33,Vijay Siddiqui,21,Jodhpur,Credit Card,3,Galaxy Note 20
917,28,6,2022,Tuesday,OnePlus,3,64262.87,Sumit Malhotra,42,Mumbai,UPI,5,OnePlus Nord
918,28,6,2022,Tuesday,OnePlus,4,68128.99,Vivek Alva,29,Bangalore,Cash,5,OnePlus 8T
919,29,6,2022,Wednesday,Samsung,1,69513.57,Pooja Deshmukh,23,Delhi,UPI,3,Galaxy A51
920,29,6,2022,Wednesday,Xiaomi,5,57385.71,Arun Gupta,35,Madurai,Cash,3,Redmi Note 10
921,29,6,2022,Wednesday,Xiaomi,3,49810.12,Sachin Sheth,57,Indore,Cash,5,Redmi Note 10
922,30,6,2022,Thursday,OnePlus,2,30743.82,Manoj Jain,38,Delhi,Debit Card,5,OnePlus Nord
923,30,6,2022,Thursday,Samsung,3,20283.9,Meena Roy,32,Lucknow,Cash,2,Galaxy S21
924,30,6,2022,Thursday,Xiaomi,8,14738.84,Vinod Arora,20,Delhi,Cash,2,Mi 11
925,1,7,2022,Friday,Samsung,6,51597.85,Vinod Verma,19,Kolkata,Cash,5,Galaxy A51
926,1,7,2022,Friday,Samsung,7,57083.4,Sunita Nair,58,Mumbai,Credit Card,3,Galaxy A51
927,1,7,2022,Friday,Samsung,6,59587.22,Bina Nair,57,Bangalore,Debit Card,5,Galaxy S21
928,1,7,2022,Friday,Apple,6,64825.9,Pankaj Prasad,21,Chennai,Debit Card,3,iPhone SE
929,2,7,2022,Saturday,Samsung,3,62795.77,Jyoti Varma,49,Delhi,Cash,5,Galaxy A51
930,2,7,2022,Saturday,Apple,8,69984.48,Kunal Yadav,19,Mumbai,Credit Card,5,iPhone SE
931,2,7,2022,Saturday,OnePlus,7,24643.84,Pankaj Prasad,46,Ranchi,Cash,5,OnePlus 9
932,2,7,2022,Saturday,Xiaomi,7,55798.46,Neeta Nair,19,Ranchi,Debit Card,2,Redmi 9
933,3,7,2022,Sunday,Xiaomi,6,45187.57,Navin Patel,51,Mumbai,Debit Card,5,Redmi 9
934,3,7,2022,Sunday,Xiaomi,5,25674.71,Sumit Malhotra,44,Mumbai,Debit Card,4,Mi 11
935,3,7,2022,Sunday,Xiaomi,8,68914.32,Navin Kapoor,56,Delhi,Debit Card,5,Mi 11
936,3,7,2022,Sunday,Xiaomi,5,63873.89,Namita Teja,55,Chennai,Credit Card,5,Redmi 9
937,4,7,2022,Monday,Xiaomi,9,17710.94,Monika Chatterjee,35,Ludhiana,UPI,4,Redmi Note 10
938,4,7,2022,Monday,Xiaomi,9,11569.5,Monika Mehta,53,Gorakhpur,UPI,4,Redmi 9
939,4,7,2022,Monday,OnePlus,1,51299.85,Ayesha Kaur,36,Ranchi,Credit Card,5,OnePlus 9
940,5,7,2022,Tuesday,Samsung,6,46247.84,Vijay Malhotra,44,Delhi,Cash,3,Galaxy Note 20
941,5,7,2022,Tuesday,Vivo,7,66148.94,Sachin Shah,37,Lucknow,Debit Card,4,Vivo Y51
942,5,7,2022,Tuesday,Apple,3,24040.32,Ayesha Ahuja,38,Delhi,Debit Card,5,iPhone SE
943,6,7,2022,Wednesday,Vivo,7,15063.28,Ravi Reddy,40,Delhi,Debit Card,4,Vivo V20
944,6,7,2022,Wednesday,Vivo,7,25552.92,Pankaj Kapoor,47,Delhi,Credit Card,5,Vivo V20
945,6,7,2022,Wednesday,Samsung,2,11135.66,Lalita Kaur,42,Rajkot,Credit Card,5,Galaxy S21
946,6,7,2022,Wednesday,Samsung,7,12153.57,Pankaj Alva,48,Bangalore,Debit Card,5,Galaxy A51
947,7,7,2022,Thursday,Samsung,1,64891.47,Ayesha Bhattacharya,44,Rajkot,Debit Card,5,Galaxy S21
948,7,7,2022,Thursday,Xiaomi,5,31120.99,Harish Kumar,51,Lucknow,Cash,5,Mi 11
949,7,7,2022,Thursday,OnePlus,9,34648.54,Yogesh Desai,25,Delhi,UPI,3,OnePlus 9
950,7,7,2022,Thursday,Xiaomi,7,11102.3,Shruti Dutta,36,Mumbai,Credit Card,5,Redmi Note 10
951,8,7,2022,Friday,OnePlus,7,26231.31,Neeta Malhotra,58,Delhi,UPI,5,OnePlus Nord
952,8,7,2022,Friday,OnePlus,2,58283.56,Tanuja Solanki,43,Ranchi,Debit Card,5,OnePlus Nord
953,8,7,2022,Friday,Vivo,8,46929.46,Namita Kumar,45,Delhi,UPI,4,Vivo S1
954,8,7,2022,Friday,Vivo,3,55226.84,Sumit Chatterjee,21,Vadodara,UPI,5,Vivo S1
955,9,7,2022,Saturday,OnePlus,8,36832.82,Ravi Jain,48,Mumbai,Credit Card,3,OnePlus Nord
956,9,7,2022,Saturday,OnePlus,3,28583.75,Rohan Pathak,33,Madurai,Credit Card,2,OnePlus 9
957,9,7,2022,Saturday,Xiaomi,7,38968.61,Rohan Rathod,27,Patna,Cash,4,Redmi Note 10
958,9,7,2022,Saturday,Xiaomi,2,29384.26,Namita Goyal,55,Vadodara,Debit Card,3,Redmi 9
959,10,7,2022,Sunday,Vivo,4,60338.27,Tanuja Bhatnagar,27,Lucknow,Cash,5,Vivo S1
960,10,7,2022,Sunday,Samsung,6,27860.42,Rajesh Kapoor,26,Mumbai,Credit Card,3,Galaxy S21
961,10,7,2022,Sunday,OnePlus,9,49585.82,Lalita Desai,56,Chennai,Cash,2,OnePlus Nord
962,11,7,2022,Monday,Xiaomi,5,18218.93,Ramesh Verma,53,Patna,UPI,3,Mi 11
963,11,7,2022,Monday,Vivo,9,51211.99,Sanjay Roy,53,Gorakhpur,UPI,2,Vivo V20
964,11,7,2022,Monday,Xiaomi,5,64797.98,Krishna Mehta,36,Ranchi,Credit Card,2,Mi 11
965,11,7,2022,Monday,OnePlus,8,46514.99,Vinod Chatterjee,36,Madurai,UPI,2,OnePlus 9
966,12,7,2022,Tuesday,OnePlus,1,43591.32,Kiran Jain,29,Rajkot,Debit Card,3,OnePlus 9
967,12,7,2022,Tuesday,Apple,7,67667.1,Anita Sharma,30,Madurai,Credit Card,5,iPhone 12
968,12,7,2022,Tuesday,Samsung,4,47643.79,Radha Ghosh,42,Mumbai,Debit Card,5,Galaxy S21
969,13,7,2022,Wednesday,Apple,5,25573.03,Namita Kumar,53,Ranchi,Credit Card,5,iPhone 12
970,13,7,2022,Wednesday,Vivo,6,27543.46,Navin Pathak,42,Delhi,Credit Card,3,Vivo V20
971,13,7,2022,Wednesday,Xiaomi,5,52318.4,Ramesh Yadav,45,Mumbai,UPI,5,Redmi Note 10
972,13,7,2022,Wednesday,Vivo,1,54126.2,Devendra Thakur,59,Ludhiana,Credit Card,5,Vivo S1
973,14,7,2022,Thursday,OnePlus,9,28209.77,Bhavana Sheth,56,Delhi,Credit Card,2,OnePlus Nord
974,14,7,2022,Thursday,Apple,2,30720.64,Yogesh Reddy,47,Hyderabad,Cash,3,iPhone SE
975,14,7,2022,Thursday,Apple,9,69463.39,Kavita Iyer,22,Delhi,UPI,3,iPhone 11
976,15,7,2022,Friday,Apple,2,16117.15,Sunil Rawat,34,Patna,Debit Card,4,iPhone 12
977,15,7,2022,Friday,Vivo,9,34278.7,Arun Rawat,35,Patna,Credit Card,4,Vivo S1
978,15,7,2022,Friday,OnePlus,6,13746.85,Tanuja Ahuja,38,Gorakhpur,Debit Card,4,OnePlus Nord
979,15,7,2022,Friday,Xiaomi,9,59264.7,Anand Mehta,39,Kanpur,Cash,5,Redmi 9
980,16,7,2022,Saturday,Xiaomi,6,15540.75,Bhavana Mishra,56,Vadodara,Credit Card,3,Redmi Note 10
981,16,7,2022,Saturday,Vivo,6,50440.44,Harish Pillai,23,Delhi,Debit Card,4,Vivo V20
982,16,7,2022,Saturday,Apple,2,13389.01,Radha Sheth,33,Vadodara,UPI,3,iPhone 11
983,16,7,2022,Saturday,Samsung,8,50371.3,Rajesh Arora,19,Mumbai,Cash,5,Galaxy Note 20
984,17,7,2022,Sunday,Vivo,3,60582.22,Meena Kumar,18,Mumbai,Cash,4,Vivo V20
985,17,7,2022,Sunday,Vivo,7,33929.29,Vivek Teja,47,Delhi,Debit Card,3,Vivo Y51
986,17,7,2022,Sunday,OnePlus,5,41327.59,Devendra Yadav,54,Lucknow,Credit Card,5,OnePlus Nord
987,17,7,2022,Sunday,Xiaomi,3,34092.5,Bhavana Rathod,40,Delhi,Credit Card,5,Mi 11
988,18,7,2022,Monday,Vivo,1,28029.33,Lata Goyal,18,Rajkot,UPI,5,Vivo S1
989,18,7,2022,Monday,Vivo,8,58195.8,Isha Luthra,36,Indore,UPI,4,Vivo Y51
990,18,7,2022,Monday,Apple,3,26320.15,Neeta Pillai,20,Jodhpur,Credit Card,5,iPhone SE
991,18,7,2022,Monday,Apple,2,53376.61,Lalita Sheth,19,Chennai,Cash,5,iPhone 11
992,19,7,2022,Tuesday,Samsung,1,22371.82,Prashant Verma,54,Delhi,UPI,5,Galaxy Note 20
993,19,7,2022,Tuesday,OnePlus,4,24991.23,Prashant Sharma,34,Mumbai,UPI,3,OnePlus 9
994,19,7,2022,Tuesday,Samsung,8,30187.67,Nikhil Arora,45,Mumbai,Cash,5,Galaxy S21
995,20,7,2022,Wednesday,Apple,3,45349.38,Prashant Arora,35,Jodhpur,Credit Card,4,iPhone SE
996,20,7,2022,Wednesday,Xiaomi,1,37265.34,Kiran Pathak,50,Mumbai,Debit Card,3,Redmi Note 10
997,20,7,2022,Wednesday,Apple,4,54708.69,Ravi Jain,32,Rajkot,UPI,3,iPhone SE
998,20,7,2022,Wednesday,OnePlus,9,22814.04,Yogesh Luthra,39,Mumbai,Cash,5,OnePlus 9
999,21,7,2022,Thursday,Apple,1,10640.34,Arun Iyer,58,Patna,UPI,3,iPhone 12
,,,,,,,,,,,,,
,,,,,,,,,,,,,
,,,,,,,,,,,,,
,,,,,,,,,,,,,
,,,,,,,,,,,,,
,,,,,,,,,,,,,
,,,,,,,,,,,,,
,,,,,,,,,,,,,
,,,,,,,,,,,,,
,,,,,,,,,,,,,
,,,,,,,,,,,,,
,,,,,,,,,,,,,
,,,,,,,,,,,,,
,,,,,,,,,,,,,
,,,,,,,,,,,,,
,,,,,,,,,,,,,
,,,,,,,,,,,,,
,,,,,,,,,,,,,
,,,,,,,,,,,,,
,,,,,,,,,,,,,
,,,,,,,,,,,,,
,,,,,,,,,,,,,
,,,,,,,,,,,,,
,,,,,,,,,,,,,
,,,,,,,,,,,,,
,,,,,,,,,,,,,
,,,,,,,,,,,,,
,,,,,,,,,,,,,
,,,,,,,,,,,,,
,,,,,,,,,,,,,
,,,,,,,,,,,,,
,,,,,,,,,,,,,
,,,,,,,,,,,,,
,,,,,,,,,,,,,
,,,,,,,,,,,,,
,,,,,,,,,,,,,
,,,,,,,,,,,,,
,,,,,,,,,,,,,
,,,,,,,,,,,,,
,,,,,,,,,,,,,
,,,,,,,,,,,,,
,,,,,,,,,,,,,
,,,,,,,,,,,,,
,,,,,,,,,,,,,
,,,,,,,,,,,,,
,,,,,,,,,,,,,
,,,,,,,,,,,,,
,,,,,,,,,,,,,
,,,,,,,,,,,,,
,,,,,,,,,,,,,
,,,,,,,,,,,,,
,,,,,,,,,,,,,
,,,,,,,,,,,,,
,,,,,,,,,,,,,
,,,,,,,,,,,,,
,,,,,,,,,,,,,
,,,,,,,,,,,,,
,,,,,,,,,,,,,
,,,,,,,,,,,,,
,,,,,,,,,,,,,
,,,,,,,,,,,,,
,,,,,,,,,,,,,
,,,,,,,,,,,,,
,,,,,,,,,,,,,
,,,,,,,,,,,,,
,,,,,,,,,,,,,
,,,,,,,,,,,,,
,,,,,,,,,,,,,
,,,,,,,,,,,,,
,,,,,,,,,,,,,
,,,,,,,,,,,,,
,,,,,,,,,,,,,
,,,,,,,,,,,,,
,,,,,,,,,,,,,
,,,,,,,,,,,,,
,,,,,,,,,,,,,
,,,,,,,,,,,,,
,,,,,,,,,,,,,
,,,,,,,,,,,,,
,,,,,,,,,,,,,
,,,,,,,,,,,,,
,,,,,,,,,,,,,
,,,,,,,,,,,,,
,,,,,,,,,,,,,
,,,,,,,,,,,,,
,,,,,,,,,,,,,
,,,,,,,,,,,,,
,,,,,,,,,,,,,
,,,,,,,,,,,,,
,,,,,,,,,,,,,
,,,,,,,,,,,,,
,,,,,,,,,,,,,
,,,,,,,,,,,,,
,,,,,,,,,,,,,
,,,,,,,,,,,,,
,,,,,,,,,,,,,
,,,,,,,,,,,,,
,,,,,,,,,,,,,
,,,,,,,,,,,,,
,,,,,,,,,,,,,
,,,,,,,,,,,,,
,,,,,,,,,,,,,
,,,,,,,,,,,,,
,,,,,,,,,,,,,
,,,,,,,,,,,,,
,,,,,,,,,,,,,
,,,,,,,,,,,,,
,,,,,,,,,,,,,
,,,,,,,,,,,,,
,,,,,,,,,,,,,
,,,,,,,,,,,,,
,,,,,,,,,,,,,
,,,,,,,,,,,,,
,,,,,,,,,,,,,
,,,,,,,,,,,,,
,,,,,,,,,,,,,
,,,,,,,,,,,,,
,,,,,,,,,,,,,
,,,,,,,,,,,,,
,,,,,,,,,,,,,
,,,,,,,,,,,,,
,,,,,,,,,,,,,
,,,,,,,,,,,,,
,,,,,,,,,,,,,
,,,,,,,,,,,,,
,,,,,,,,,,,,,
,,,,,,,,,,,,,
,,,,,,,,,,,,,
,,,,,,,,,,,,,
,,,,,,,,,,,,,
,,,,,,,,,,,,,
,,,,,,,,,,,,,
,,,,,,,,,,,,,
,,,,,,,,,,,,,
,,,,,,,,,,,,,
,,,,,,,,,,,,,
,,,,,,,,,,,,,
,,,,,,,,,,,,,
,,,,,,,,,,,,,
,,,,,,,,,,,,,
,,,,,,,,,,,,,
,,,,,,,,,,,,,
,,,,,,,,,,,,,
,,,,,,,,,,,,,
,,,,,,,,,,,,,
,,,,,,,,,,,,,
,,,,,,,,,,,,,
,,,,,,,,,,,,,
,,,,,,,,,,,,,
,,,,,,,,,,,,,
,,,,,,,,,,,,,
,,,,,,,,,,,,,
,,,,,,,,,,,,,
,,,,,,,,,,,,,
,,,,,,,,,,,,,
,,,,,,,,,,,,,
,,,,,,,,,,,,,
,,,,,,,,,,,,,
,,,,,,,,,,,,,
,,,,,,,,,,,,,
,,,,,,,,,,,,,
,,,,,,,,,,,,,
,,,,,,,,,,,,,
,,,,,,,,,,,,,
,,,,,,,,,,,,,
,,,,,,,,,,,,,
,,,,,,,,,,,,,
,,,,,,,,,,,,,
,,,,,,,,,,,,,
,,,,,,,,,,,,,
,,,,,,,,,,,,,
,,,,,,,,,,,,,
,,,,,,,,,,,,,
,,,,,,,,,,,,,
,,,,,,,,,,,,,
,,,,,,,,,,,,,
,,,,,,,,,,,,,
,,,,,,,,,,,,,
,,,,,,,,,,,,,
,,,,,,,,,,,,,
,,,,,,,,,,,,,
,,,,,,,,,,,,,
,,,,,,,,,,,,,
,,,,,,,,,,,,,
,,,,,,,,,,,,,
,,,,,,,,,,,,,
,,,,,,,,,,,,,
,,,,,,,,,,,,,
,,,,,,,,,,,,,
,,,,,,,,,,,,,
,,,,,,,,,,,,,
,,,,,,,,,,,,,
,,,,,,,,,,,,,
,,,,,,,,,,,,,
,,,,,,,,,,,,,
,,,,,,,,,,,,,
,,,,,,,,,,,,,
,,,,,,,,,,,,,
,,,,,,,,,,,,,
,,,,,,,,,,,,,
,,,,,,,,,,,,,
,,,,,,,,,,,,,
,,,,,,,,,,,,,
,,,,,,,,,,,,,
,,,,,,,,,,,,,
,,,,,,,,,,,,,
,,,,,,,,,,,,,
,,,,,,,,,,,,,
,,,,,,,,,,,,,
,,,,,,,,,,,,,
,,,,,,,,,,,,,
,,,,,,,,,,,,,
,,,,,,,,,,,,,
,,,,,,,,,,,,,
,,,,,,,,,,,,,
,,,,,,,,,,,,,
,,,,,,,,,,,,,
,,,,,,,,,,,,,
,,,,,,,,,,,,,
,,,,,,,,,,,,,
,,,,,,,,,,,,,
,,,,,,,,,,,,,
,,,,,,,,,,,,,
,,,,,,,,,,,,,
,,,,,,,,,,,,,
,,,,,,,,,,,,,
,,,,,,,,,,,,,
,,,,,,,,,,,,,
,,,,,,,,,,,,,
,,,,,,,,,,,,,
,,,,,,,,,,,,,
,,,,,,,,,,,,,
,,,,,,,,,,,,,
,,,,,,,,,,,,,
,,,,,,,,,,,,,
,,,,,,,,,,,,,
,,,,,,,,,,,,,
,,,,,,,,,,,,,
,,,,,,,,,,,,,
,,,,,,,,,,,,,
,,,,,,,,,,,,,
,,,,,,,,,,,,,
,,,,,,,,,,,,,
,,,,,,,,,,,,,
,,,,,,,,,,,,,
,,,,,,,,,,,,,
,,,,,,,,,,,,,
,,,,,,,,,,,,,
,,,,,,,,,,,,,
,,,,,,,,,,,,,
,,,,,,,,,,,,,
,,,,,,,,,,,,,
,,,,,,,,,,,,,
,,,,,,,,,,,,,
,,,,,,,,,,,,,
,,,,,,,,,,,,,
,,,,,,,,,,,,,
,,,,,,,,,,,,,
,,,,,,,,,,,,,
,,,,,,,,,,,,,
,,,,,,,,,,,,,
,,,,,,,,,,,,,
,,,,,,,,,,,,,
,,,,,,,,,,,,,
,,,,,,,,,,,,,
,,,,,,,,,,,,,
,,,,,,,,,,,,,
,,,,,,,,,,,,,
,,,,,,,,,,,,,
,,,,,,,,,,,,,
,,,,,,,,,,,,,
,,,,,,,,,,,,,
,,,,,,,,,,,,,
,,,,,,,,,,,,,
,,,,,,,,,,,,,
,,,,,,,,,,,,,
,,,,,,,,,,,,,
,,,,,,,,,,,,,
,,,,,,,,,,,,,
,,,,,,,,,,,,,
,,,,,,,,,,,,,
,,,,,,,,,,,,,
,,,,,,,,,,,,,
,,,,,,,,,,,,,
,,,,,,,,,,,,,
,,,,,,,,,,,,,
,,,,,,,,,,,,,
,,,,,,,,,,,,,
,,,,,,,,,,,,,
,,,,,,,,,,,,,
,,,,,,,,,,,,,
,,,,,,,,,,,,,
,,,,,,,,,,,,,
,,,,,,,,,,,,,
,,,,,,,,,,,,,
,,,,,,,,,,,,,
,,,,,,,,,,,,,
,,,,,,,,,,,,,
,,,,,,,,,,,,,
,,,,,,,,,,,,,
,,,,,,,,,,,,,
,,,,,,,,,,,,,
,,,,,,,,,,,,,
,,,,,,,,,,,,,
,,,,,,,,,,,,,
,,,,,,,,,,,,,
,,,,,,,,,,,,,
,,,,,,,,,,,,,
,,,,,,,,,,,,,
,,,,,,,,,,,,,
,,,,,,,,,,,,,
,,,,,,,,,,,,,
,,,,,,,,,,,,,
,,,,,,,,,,,,,
,,,,,,,,,,,,,
,,,,,,,,,,,,,
,,,,,,,,,,,,,
,,,,,,,,,,,,,
,,,,,,,,,,,,,
,,,,,,,,,,,,,
,,,,,,,,,,,,,
,,,,,,,,,,,,,
,,,,,,,,,,,,,
,,,,,,,,,,,,,
,,,,,,,,,,,,,
,,,,,,,,,,,,,
,,,,,,,,,,,,,
,,,,,,,,,,,,,
,,,,,,,,,,,,,
,,,,,,,,,,,,,
,,,,,,,,,,,,,
,,,,,,,,,,,,,
,,,,,,,,,,,,,
,,,,,,,,,,,,,
,,,,,,,,,,,,,
,,,,,,,,,,,,,
,,,,,,,,,,,,,
,,,,,,,,,,,,,
,,,,,,,,,,,,,
,,,,,,,,,,,,,
,,,,,,,,,,,,,
,,,,,,,,,,,,,
,,,,,,,,,,,,,
,,,,,,,,,,,,,
,,,,,,,,,,,,,
,,,,,,,,,,,,,
,,,,,,,,,,,,,
,,,,,,,,,,,,,
,,,,,,,,,,,,,
,,,,,,,,,,,,,
,,,,,,,,,,,,,
,,,,,,,,,,,,,
,,,,,,,,,,,,,
,,,,,,,,,,,,,
,,,,,,,,,,,,,
,,,,,,,,,,,,,
,,,,,,,,,,,,,
,,,,,,,,,,,,,
,,,,,,,,,,,,,
,,,,,,,,,,,,,
,,,,,,,,,,,,,
,,,,,,,,,,,,,
,,,,,,,,,,,,,
,,,,,,,,,,,,,
,,,,,,,,,,,,,
,,,,,,,,,,,,,
,,,,,,,,,,,,,
,,,,,,,,,,,,,
,,,,,,,,,,,,,
,,,,,,,,,,,,,
,,,,,,,,,,,,,
,,,,,,,,,,,,,
,,,,,,,,,,,,,
,,,,,,,,,,,,,
,,,,,,,,,,,,,
,,,,,,,,,,,,,
,,,,,,,,,,,,,
,,,,,,,,,,,,,
,,,,,,,,,,,,,
,,,,,,,,,,,,,
,,,,,,,,,,,,,
,,,,,,,,,,,,,
,,,,,,,,,,,,,
,,,,,,,,,,,,,
,,,,,,,,,,,,,
,,,,,,,,,,,,,
,,,,,,,,,,,,,
,,,,,,,,,,,,,
,,,,,,,,,,,,,
,,,,,,,,,,,,,
,,,,,,,,,,,,,
,,,,,,,,,,,,,
,,,,,,,,,,,,,
,,,,,,,,,,,,,
,,,,,,,,,,,,,
,,,,,,,,,,,,,
,,,,,,,,,,,,,
,,,,,,,,,,,,,
,,,,,,,,,,,,,
,,,,,,,,,,,,,
,,,,,,,,,,,,,
,,,,,,,,,,,,,
,,,,,,,,,,,,,
,,,,,,,,,,,,,
,,,,,,,,,,,,,
,,,,,,,,,,,,,
,,,,,,,,,,,,,
,,,,,,,,,,,,,
,,,,,,,,,,,,,
,,,,,,,,,,,,,
,,,,,,,,,,,,,
,,,,,,,,,,,,,
,,,,,,,,,,,,,
,,,,,,,,,,,,,
,,,,,,,,,,,,,
,,,,,,,,,,,,,
,,,,,,,,,,,,,
,,,,,,,,,,,,,
,,,,,,,,,,,,,
,,,,,,,,,,,,,
,,,,,,,,,,,,,
,,,,,,,,,,,,,
,,,,,,,,,,,,,
,,,,,,,,,,,,,
,,,,,,,,,,,,,
,,,,,,,,,,,,,
,,,,,,,,,,,,,
,,,,,,,,,,,,,
,,,,,,,,,,,,,
,,,,,,,,,,,,,
,,,,,,,,,,,,,
,,,,,,,,,,,,,
,,,,,,,,,,,,,
,,,,,,,,,,,,,
,,,,,,,,,,,,,
,,,,,,,,,,,,,
,,,,,,,,,,,,,
,,,,,,,,,,,,,
,,,,,,,,,,,,,
,,,,,,,,,,,,,
,,,,,,,,,,,,,
,,,,,,,,,,,,,
,,,,,,,,,,,,,
,,,,,,,,,,,,,
,,,,,,,,,,,,,
,,,,,,,,,,,,,
,,,,,,,,,,,,,
,,,,,,,,,,,,,
,,,,,,,,,,,,,
,,,,,,,,,,,,,
,,,,,,,,,,,,,
,,,,,,,,,,,,,
,,,,,,,,,,,,,
,,,,,,,,,,,,,
,,,,,,,,,,,,,
,,,,,,,,,,,,,
,,,,,,,,,,,,,
,,,,,,,,,,,,,
,,,,,,,,,,,,,
,,,,,,,,,,,,,
,,,,,,,,,,,,,
,,,,,,,,,,,,,
,,,,,,,,,,,,,
,,,,,,,,,,,,,
,,,,,,,,,,,,,
,,,,,,,,,,,,,
,,,,,,,,,,,,,
,,,,,,,,,,,,,
,,,,,,,,,,,,,
,,,,,,,,,,,,,
,,,,,,,,,,,,,
,,,,,,,,,,,,,
,,,,,,,,,,,,,
,,,,,,,,,,,,,
,,,,,,,,,,,,,
,,,,,,,,,,,,,
,,,,,,,,,,,,,
,,,,,,,,,,,,,
,,,,,,,,,,,,,
,,,,,,,,,,,,,
,,,,,,,,,,,,,
,,,,,,,,,,,,,
,,,,,,,,,,,,,
,,,,,,,,,,,,,
,,,,,,,,,,,,,
,,,,,,,,,,,,,
,,,,,,,,,,,,,
,,,,,,,,,,,,,
,,,,,,,,,,,,,
,,,,,,,,,,,,,
,,,,,,,,,,,,,
,,,,,,,,,,,,,
,,,,,,,,,,,,,
,,,,,,,,,,,,,
,,,,,,,,,,,,,
,,,,,,,,,,,,,
,,,,,,,,,,,,,
,,,,,,,,,,,,,
,,,,,,,,,,,,,
,,,,,,,,,,,,,
,,,,,,,,,,,,,
,,,,,,,,,,,,,
,,,,,,,,,,,,,
,,,,,,,,,,,,,
,,,,,,,,,,,,,
,,,,,,,,,,,,,
,,,,,,,,,,,,,
,,,,,,,,,,,,,
,,,,,,,,,,,,,
,,,,,,,,,,,,,
,,,,,,,,,,,,,
,,,,,,,,,,,,,
,,,,,,,,,,,,,
,,,,,,,,,,,,,
,,,,,,,,,,,,,
,,,,,,,,,,,,,
,,,,,,,,,,,,,
,,,,,,,,,,,,,
,,,,,,,,,,,,,
,,,,,,,,,,,,,
,,,,,,,,,,,,,
,,,,,,,,,,,,,
,,,,,,,,,,,,,
,,,,,,,,,,,,,
,,,,,,,,,,,,,
,,,,,,,,,,,,,
,,,,,,,,,,,,,
,,,,,,,,,,,,,
,,,,,,,,,,,,,
,,,,,,,,,,,,,
,,,,,,,,,,,,,
,,,,,,,,,,,,,
,,,,,,,,,,,,,
,,,,,,,,,,,,,
,,,,,,,,,,,,,
,,,,,,,,,,,,,
,,,,,,,,,,,,,
,,,,,,,,,,,,,
,,,,,,,,,,,,,
,,,,,,,,,,,,,
,,,,,,,,,,,,,
,,,,,,,,,,,,,
,,,,,,,,,,,,,
,,,,,,,,,,,,,
,,,,,,,,,,,,,
,,,,,,,,,,,,,
,,,,,,,,,,,,,
,,,,,,,,,,,,,
,,,,,,,,,,,,,
,,,,,,,,,,,,,
,,,,,,,,,,,,,
,,,,,,,,,,,,,
,,,,,,,,,,,,,
,,,,,,,,,,,,,
,,,,,,,,,,,,,
,,,,,,,,,,,,,
,,,,,,,,,,,,,
,,,,,,,,,,,,,
,,,,,,,,,,,,,
,,,,,,,,,,,,,
,,,,,,,,,,,,,
,,,,,,,,,,,,,
,,,,,,,,,,,,,
,,,,,,,,,,,,,
,,,,,,,,,,,,,
,,,,,,,,,,,,,
,,,,,,,,,,,,,
,,,,,,,,,,,,,
,,,,,,,,,,,,,
,,,,,,,,,,,,,
,,,,,,,,,,,,,
,,,,,,,,,,,,,
,,,,,,,,,,,,,
,,,,,,,,,,,,,
,,,,,,,,,,,,,
,,,,,,,,,,,,,
,,,,,,,,,,,,,
,,,,,,,,,,,,,
,,,,,,,,,,,,,
,,,,,,,,,,,,,
,,,,,,,,,,,,,
,,,,,,,,,,,,,
,,,,,,,,,,,,,
,,,,,,,,,,,,,
,,,,,,,,,,,,,
,,,,,,,,,,,,,
,,,,,,,,,,,,,
,,,,,,,,,,,,,
,,,,,,,,,,,,,
,,,,,,,,,,,,,
,,,,,,,,,,,,,
,,,,,,,,,,,,,
,,,,,,,,,,,,,
,,,,,,,,,,,,,
,,,,,,,,,,,,,
,,,,,,,,,,,,,
,,,,,,,,,,,,,
,,,,,,,,,,,,,
,,,,,,,,,,,,,
,,,,,,,,,,,,,
,,,,,,,,,,,,,
,,,,,,,,,,,,,
,,,,,,,,,,,,,
,,,,,,,,,,,,,
,,,,,,,,,,,,,
,,,,,,,,,,,,,
,,,,,,,,,,,,,
,,,,,,,,,,,,,
,,,,,,,,,,,,,
,,,,,,,,,,,,,
,,,,,,,,,,,,,
,,,,,,,,,,,,,
,,,,,,,,,,,,,
,,,,,,,,,,,,,
,,,,,,,,,,,,,
,,,,,,,,,,,,,
,,,,,,,,,,,,,
,,,,,,,,,,,,,
,,,,,,,,,,,,,
,,,,,,,,,,,,,
,,,,,,,,,,,,,
,,,,,,,,,,,,,
,,,,,,,,,,,,,
,,,,,,,,,,,,,
,,,,,,,,,,,,,
,,,,,,,,,,,,,
,,,,,,,,,,,,,
,,,,,,,,,,,,,
,,,,,,,,,,,,,
,,,,,,,,,,,,,
,,,,,,,,,,,,,
,,,,,,,,,,,,,
,,,,,,,,,,,,,
,,,,,,,,,,,,,
,,,,,,,,,,,,,
,,,,,,,,,,,,,
,,,,,,,,,,,,,
,,,,,,,,,,,,,
,,,,,,,,,,,,,
,,,,,,,,,,,,,
,,,,,,,,,,,,,
,,,,,,,,,,,,,
,,,,,,,,,,,,,
,,,,,,,,,,,,,
,,,,,,,,,,,,,
,,,,,,,,,,,,,
,,,,,,,,,,,,,
,,,,,,,,,,,,,
,,,,,,,,,,,,,
,,,,,,,,,,,,,
,,,,,,,,,,,,,
,,,,,,,,,,,,,
,,,,,,,,,,,,,
,,,,,,,,,,,,,
,,,,,,,,,,,,,
,,,,,,,,,,,,,
,,,,,,,,,,,,,
,,,,,,,,,,,,,
,,,,,,,,,,,,,
,,,,,,,,,,,,,
,,,,,,,,,,,,,
,,,,,,,,,,,,,
,,,,,,,,,,,,,
,,,,,,,,,,,,,
,,,,,,,,,,,,,
,,,,,,,,,,,,,
,,,,,,,,,,,,,
,,,,,,,,,,,,,
,,,,,,,,,,,,,
,,,,,,,,,,,,,
,,,,,,,,,,,,,
,,,,,,,,,,,,,
,,,,,,,,,,,,,
,,,,,,,,,,,,,
,,,,,,,,,,,,,
,,,,,,,,,,,,,
,,,,,,,,,,,,,
,,,,,,,,,,,,,
,,,,,,,,,,,,,
,,,,,,,,,,,,,
,,,,,,,,,,,,,
,,,,,,,,,,,,,
,,,,,,,,,,,,,
,,,,,,,,,,,,,
,,,,,,,,,,,,,
,,,,,,,,,,,,,
,,,,,,,,,,,,,
,,,,,,,,,,,,,
,,,,,,,,,,,,,
,,,,,,,,,,,,,
,,,,,,,,,,,,,
,,,,,,,,,,,,,
,,,,,,,,,,,,,
,,,,,,,,,,,,,
,,,,,,,,,,,,,
,,,,,,,,,,,,,
,,,,,,,,,,,,,
,,,,,,,,,,,,,
,,,,,,,,,,,,,
,,,,,,,,,,,,,
,,,,,,,,,,,,,
,,,,,,,,,,,,,
,,,,,,,,,,,,,
,,,,,,,,,,,,,
,,,,,,,,,,,,,
,,,,,,,,,,,,,
,,,,,,,,,,,,,
,,,,,,,,,,,,,
,,,,,,,,,,,,,
,,,,,,,,,,,,,
,,,,,,,,,,,,,
,,,,,,,,,,,,,
,,,,,,,,,,,,,
,,,,,,,,,,,,,
,,,,,,,,,,,,,
,,,,,,,,,,,,,
,,,,,,,,,,,,,
,,,,,,,,,,,,,
,,,,,,,,,,,,,
,,,,,,,,,,,,,
,,,,,,,,,,,,,
,,,,,,,,,,,,,
,,,,,,,,,,,,,
,,,,,,,,,,,,,
,,,,,,,,,,,,,
,,,,,,,,,,,,,
,,,,,,,,,,,,,
,,,,,,,,,,,,,
,,,,,,,,,,,,,
,,,,,,,,,,,,,
,,,,,,,,,,,,,
,,,,,,,,,,,,,
,,,,,,,,,,,,,
,,,,,,,,,,,,,
,,,,,,,,,,,,,
,,,,,,,,,,,,,
,,,,,,,,,,,,,
,,,,,,,,,,,,,
,,,,,,,,,,,,,
,,,,,,,,,,,,,
,,,,,,,,,,,,,
,,,,,,,,,,,,,
,,,,,,,,,,,,,
,,,,,,,,,,,,,
,,,,,,,,,,,,,
,,,,,,,,,,,,,
,,,,,,,,,,,,,
,,,,,,,,,,,,,
,,,,,,,,,,,,,
,,,,,,,,,,,,,
,,,,,,,,,,,,,
,,,,,,,,,,,,,
,,,,,,,,,,,,,
,,,,,,,,,,,,,
,,,,,,,,,,,,,
,,,,,,,,,,,,,
,,,,,,,,,,,,,
,,,,,,,,,,,,,
,,,,,,,,,,,,,
,,,,,,,,,,,,,
,,,,,,,,,,,,,
,,,,,,,,,,,,,
,,,,,,,,,,,,,
,,,,,,,,,,,,,
,,,,,,,,,,,,,
,,,,,,,,,,,,,
,,,,,,,,,,,,,
,,,,,,,,,,,,,
,,,,,,,,,,,,,
,,,,,,,,,,,,,
,,,,,,,,,,,,,
,,,,,,,,,,,,,
,,,,,,,,,,,,,
,,,,,,,,,,,,,
,,,,,,,,,,,,,
,,,,,,,,,,,,,
,,,,,,,,,,,,,
,,,,,,,,,,,,,
,,,,,,,,,,,,,
,,,,,,,,,,,,,
,,,,,,,,,,,,,
,,,,,,,,,,,,,
,,,,,,,,,,,,,
,,,,,,,,,,,,,
,,,,,,,,,,,,,
,,,,,,,,,,,,,
,,,,,,,,,,,,,
,,,,,,,,,,,,,
,,,,,,,,,,,,,
,,,,,,,,,,,,,
,,,,,,,,,,,,,
,,,,,,,,,,,,,
,,,,,,,,,,,,,
,,,,,,,,,,,,,
,,,,,,,,,,,,,
,,,,,,,,,,,,,
,,,,,,,,,,,,,
,,,,,,,,,,,,,
,,,,,,,,,,,,,
,,,,,,,,,,,,,
,,,,,,,,,,,,,
,,,,,,,,,,,,,
,,,,,,,,,,,,,
,,,,,,,,,,,,,
,,,,,,,,,,,,,
,,,,,,,,,,,,,
,,,,,,,,,,,,,
,,,,,,,,,,,,,
,,,,,,,,,,,,,
,,,,,,,,,,,,,
,,,,,,,,,,,,,
,,,,,,,,,,,,,
,,,,,,,,,,,,,
,,,,,,,,,,,,,
,,,,,,,,,,,,,
,,,,,,,,,,,,,
,,,,,,,,,,,,,
,,,,,,,,,,,,,
,,,,,,,,,,,,,
,,,,,,,,,,,,,
,,,,,,,,,,,,,
,,,,,,,,,,,,,
,,,,,,,,,,,,,
,,,,,,,,,,,,,
,,,,,,,,,,,,,
,,,,,,,,,,,,,
,,,,,,,,,,,,,
,,,,,,,,,,,,,
,,,,,,,,,,,,,
,,,,,,,,,,,,,
,,,,,,,,,,,,,
,,,,,,,,,,,,,
,,,,,,,,,,,,,
,,,,,,,,,,,,,
,,,,,,,,,,,,,
,,,,,,,,,,,,,
,,,,,,,,,,,,,
,,,,,,,,,,,,,
,,,,,,,,,,,,,
,,,,,,,,,,,,,
,,,,,,,,,,,,,
,,,,,,,,,,,,,
,,,,,,,,,,,,,
,,,,,,,,,,,,,
,,,,,,,,,,,,,
,,,,,,,,,,,,,
,,,,,,,,,,,,,
,,,,,,,,,,,,,
,,,,,,,,,,,,,
,,,,,,,,,,,,,
,,,,,,,,,,,,,
,,,,,,,,,,,,,
,,,,,,,,,,,,,
,,,,,,,,,,,,,
,,,,,,,,,,,,,
,,,,,,,,,,,,,
,,,,,,,,,,,,,
,,,,,,,,,,,,,
,,,,,,,,,,,,,
,,,,,,,,,,,,,
,,,,,,,,,,,,,
,,,,,,,,,,,,,
,,,,,,,,,,,,,
,,,,,,,,,,,,,
,,,,,,,,,,,,,
,,,,,,,,,,,,,
,,,,,,,,,,,,,
,,,,,,,,,,,,,
,,,,,,,,,,,,,
,,,,,,,,,,,,,
,,,,,,,,,,,,,
,,,,,,,,,,,,,
,,,,,,,,,,,,,
,,,,,,,,,,,,,
,,,,,,,,,,,,,
,,,,,,,,,,,,,
,,,,,,,,,,,,,
,,,,,,,,,,,,,
,,,,,,,,,,,,,
,,,,,,,,,,,,,
,,,,,,,,,,,,,
,,,,,,,,,,,,,
,,,,,,,,,,,,,
,,,,,,,,,,,,,
,,,,,,,,,,,,,
,,,,,,,,,,,,,
,,,,,,,,,,,,,
,,,,,,,,,,,,,
,,,,,,,,,,,,,
,,,,,,,,,,,,,
,,,,,,,,,,,,,
,,,,,,,,,,,,,
,,,,,,,,,,,,,
,,,,,,,,,,,,,
,,,,,,,,,,,,,
,,,,,,,,,,,,,
,,,,,,,,,,,,,
,,,,,,,,,,,,,
,,,,,,,,,,,,,
,,,,,,,,,,,,,
,,,,,,,,,,,,,
,,,,,,,,,,,,,
,,,,,,,,,,,,,
,,,,,,,,,,,,,
,,,,,,,,,,,,,
,,,,,,,,,,,,,
,,,,,,,,,,,,,
,,,,,,,,,,,,,
,,,,,,,,,,,,,
,,,,,,,,,,,,,
,,,,,,,,,,,,,
,,,,,,,,,,,,,
,,,,,,,,,,,,,
,,,,,,,,,,,,,
,,,,,,,,,,,,,
,,,,,,,,,,,,,
,,,,,,,,,,,,,
,,,,,,,,,,,,,
,,,,,,,,,,,,,
,,,,,,,,,,,,,
,,,,,,,,,,,,,
,,,,,,,,,,,,,
,,,,,,,,,,,,,
,,,,,,,,,,,,,
,,,,,,,,,,,,,
,,,,,,,,,,,,,
,,,,,,,,,,,,,
,,,,,,,,,,,,,
,,,,,,,,,,,,,
,,,,,,,,,,,,,
,,,,,,,,,,,,,
,,,,,,,,,,,,,
,,,,,,,,,,,,,
,,,,,,,,,,,,,
,,,,,,,,,,,,,
,,,,,,,,,,,,,
,,,,,,,,,,,,,
,,,,,,,,,,,,,
,,,,,,,,,,,,,
,,,,,,,,,,,,,
,,,,,,,,,,,,,
,,,,,,,,,,,,,
,,,,,,,,,,,,,
,,,,,,,,,,,,,
,,,,,,,,,,,,,
,,,,,,,,,,,,,
,,,,,,,,,,,,,
,,,,,,,,,,,,,
,,,,,,,,,,,,,
,,,,,,,,,,,,,
,,,,,,,,,,,,,
,,,,,,,,,,,,,
,,,,,,,,,,,,,
,,,,,,,,,,,,,
,,,,,,,,,,,,,
,,,,,,,,,,,,,
,,,,,,,,,,,,,
,,,,,,,,,,,,,
,,,,,,,,,,,,,
,,,,,,,,,,,,,
,,,,,,,,,,,,,
,,,,,,,,,,,,,
,,,,,,,,,,,,,
,,,,,,,,,,,,,
,,,,,,,,,,,,,
,,,,,,,,,,,,,
,,,,,,,,,,,,,
,,,,,,,,,,,,,
,,,,,,,,,,,,,
,,,,,,,,,,,,,
,,,,,,,,,,,,,
,,,,,,,,,,,,,
,,,,,,,,,,,,,
,,,,,,,,,,,,,
,,,,,,,,,,,,,
,,,,,,,,,,,,,
,,,,,,,,,,,,,
,,,,,,,,,,,,,
,,,,,,,,,,,,,
,,,,,,,,,,,,,
,,,,,,,,,,,,,
,,,,,,,,,,,,,
,,,,,,,,,,,,,
,,,,,,,,,,,,,
,,,,,,,,,,,,,
,,,,,,,,,,,,,
,,,,,,,,,,,,,
,,,,,,,,,,,,,
,,,,,,,,,,,,,
,,,,,,,,,,,,,
,,,,,,,,,,,,,
,,,,,,,,,,,,,
,,,,,,,,,,,,,
,,,,,,,,,,,,,
,,,,,,,,,,,,,
,,,,,,,,,,,,,
,,,,,,,,,,,,,
,,,,,,,,,,,,,
,,,,,,,,,,,,,
,,,,,,,,,,,,,
,,,,,,,,,,,,,
,,,,,,,,,,,,,
,,,,,,,,,,,,,
,,,,,,,,,,,,,
,,,,,,,,,,,,,
,,,,,,,,,,,,,
,,,,,,,,,,,,,
,,,,,,,,,,,,,
,,,,,,,,,,,,,
,,,,,,,,,,,,,
,,,,,,,,,,,,,
,,,,,,,,,,,,,
,,,,,,,,,,,,,
,,,,,,,,,,,,,
,,,,,,,,,,,,,
,,,,,,,,,,,,,
,,,,,,,,,,,,,
,,,,,,,,,,,,,
,,,,,,,,,,,,,
,,,,,,,,,,,,,
,,,,,,,,,,,,,
,,,,,,,,,,,,,
,,,,,,,,,,,,,
,,,,,,,,,,,,,
,,,,,,,,,,,,,
,,,,,,,,,,,,,
,,,,,,,,,,,,,
,,,,,,,,,,,,,
,,,,,,,,,,,,,
,,,,,,,,,,,,,
,,,,,,,,,,,,,
,,,,,,,,,,,,,
,,,,,,,,,,,,,
,,,,,,,,,,,,,
,,,,,,,,,,,,,
,,,,,,,,,,,,,
,,,,,,,,,,,,,
,,,,,,,,,,,,,
,,,,,,,,,,,,,
,,,,,,,,,,,,,
,,,,,,,,,,,,,
,,,,,,,,,,,,,
,,,,,,,,,,,,,
,,,,,,,,,,,,,
,,,,,,,,,,,,,
,,,,,,,,,,,,,
,,,,,,,,,,,,,
,,,,,,,,,,,,,
,,,,,,,,,,,,,
,,,,,,,,,,,,,
,,,,,,,,,,,,,
,,,,,,,,,,,,,
,,,,,,,,,,,,,
,,,,,,,,,,,,,
,,,,,,,,,,,,,
,,,,,,,,,,,,,
,,,,,,,,,,,,,
,,,,,,,,,,,,,
,,,,,,,,,,,,,
,,,,,,,,,,,,,
,,,,,,,,,,,,,
,,,,,,,,,,,,,
,,,,,,,,,,,,,
,,,,,,,,,,,,,
,,,,,,,,,,,,,
,,,,,,,,,,,,,
,,,,,,,,,,,,,
,,,,,,,,,,,,,
,,,,,,,,,,,,,
,,,,,,,,,,,,,
,,,,,,,,,,,,,
,,,,,,,,,,,,,
,,,,,,,,,,,,,
,,,,,,,,,,,,,
,,,,,,,,,,,,,
,,,,,,,,,,,,,
,,,,,,,,,,,,,
,,,,,,,,,,,,,
,,,,,,,,,,,,,
,,,,,,,,,,,,,
,,,,,,,,,,,,,
,,,,,,,,,,,,,
,,,,,,,,,,,,,
,,,,,,,,,,,,,
,,,,,,,,,,,,,
,,,,,,,,,,,,,
,,,,,,,,,,,,,
,,,,,,,,,,,,,
,,,,,,,,,,,,,
,,,,,,,,,,,,,
,,,,,,,,,,,,,
,,,,,,,,,,,,,
,,,,,,,,,,,,,
,,,,,,,,,,,,,
,,,,,,,,,,,,,
,,,,,,,,,,,,,
,,,,,,,,,,,,,
,,,,,,,,,,,,,
,,,,,,,,,,,,,
,,,,,,,,,,,,,
,,,,,,,,,,,,,
,,,,,,,,,,,,,
,,,,,,,,,,,,,
,,,,,,,,,,,,,
,,,,,,,,,,,,,
,,,,,,,,,,,,,
,,,,,,,,,,,,,
,,,,,,,,,,,,,
,,,,,,,,,,,,,
,,,,,,,,,,,,,
,,,,,,,,,,,,,
,,,,,,,,,,,,,
,,,,,,,,,,,,,
,,,,,,,,,,,,,
,,,,,,,,,,,,,
,,,,,,,,,,,,,
,,,,,,,,,,,,,
,,,,,,,,,,,,,
,,,,,,,,,,,,,
,,,,,,,,,,,,,
,,,,,,,,,,,,,
,,,,,,,,,,,,,
,,,,,,,,,,,,,
,,,,,,,,,,,,,
,,,,,,,,,,,,,
,,,,,,,,,,,,,
,,,,,,,,,,,,,
,,,,,,,,,,,,,
,,,,,,,,,,,,,
,,,,,,,,,,,,,
,,,,,,,,,,,,,
,,,,,,,,,,,,,
,,,,,,,,,,,,,
,,,,,,,,,,,,,
,,,,,,,,,,,,,
,,,,,,,,,,,,,
,,,,,,,,,,,,,
,,,,,,,,,,,,,
,,,,,,,,,,,,,
,,,,,,,,,,,,,
,,,,,,,,,,,,,
,,,,,,,,,,,,,
,,,,,,,,,,,,,
,,,,,,,,,,,,,
,,,,,,,,,,,,,
,,,,,,,,,,,,,
,,,,,,,,,,,,,
,,,,,,,,,,,,,
,,,,,,,,,,,,,
,,,,,,,,,,,,,
,,,,,,,,,,,,,
,,,,,,,,,,,,,
,,,,,,,,,,,,,
,,,,,,,,,,,,,
,,,,,,,,,,,,,
,,,,,,,,,,,,,
,,,,,,,,,,,,,
,,,,,,,,,,,,,
,,,,,,,,,,,,,
,,,,,,,,,,,,,
,,,,,,,,,,,,,
,,,,,,,,,,,,,
,,,,,,,,,,,,,
,,,,,,,,,,,,,
,,,,,,,,,,,,,
,,,,,,,,,,,,,
,,,,,,,,,,,,,
,,,,,,,,,,,,,
,,,,,,,,,,,,,
,,,,,,,,,,,,,
,,,,,,,,,,,,,
,,,,,,,,,,,,,
,,,,,,,,,,,,,
,,,,,,,,,,,,,
,,,,,,,,,,,,,
,,,,,,,,,,,,,
,,,,,,,,,,,,,
,,,,,,,,,,,,,
,,,,,,,,,,,,,
,,,,,,,,,,,,,
,,,,,,,,,,,,,
,,,,,,,,,,,,,
,,,,,,,,,,,,,
,,,,,,,,,,,,,
,,,,,,,,,,,,,
,,,,,,,,,,,,,
,,,,,,,,,,,,,
,,,,,,,,,,,,,
,,,,,,,,,,,,,
,,,,,,,,,,,,,
,,,,,,,,,,,,,
,,,,,,,,,,,,,
,,,,,,,,,,,,,
,,,,,,,,,,,,,
,,,,,,,,,,,,,
,,,,,,,,,,,,,
,,,,,,,,,,,,,
,,,,,,,,,,,,,
,,,,,,,,,,,,,
,,,,,,,,,,,,,
,,,,,,,,,,,,,
,,,,,,,,,,,,,
,,,,,,,,,,,,,
,,,,,,,,,,,,,
,,,,,,,,,,,,,
,,,,,,,,,,,,,
,,,,,,,,,,,,,
,,,,,,,,,,,,,
,,,,,,,,,,,,,
,,,,,,,,,,,,,
,,,,,,,,,,,,,
,,,,,,,,,,,,,
,,,,,,,,,,,,,
,,,,,,,,,,,,,
,,,,,,,,,,,,,
,,,,,,,,,,,,,
,,,,,,,,,,,,,
,,,,,,,,,,,,,
,,,,,,,,,,,,,
,,,,,,,,,,,,,
,,,,,,,,,,,,,
,,,,,,,,,,,,,
,,,,,,,,,,,,,
,,,,,,,,,,,,,
,,,,,,,,,,,,,
,,,,,,,,,,,,,
,,,,,,,,,,,,,
,,,,,,,,,,,,,
,,,,,,,,,,,,,
,,,,,,,,,,,,,
,,,,,,,,,,,,,
,,,,,,,,,,,,,
,,,,,,,,,,,,,
,,,,,,,,,,,,,
,,,,,,,,,,,,,
,,,,,,,,,,,,,
,,,,,,,,,,,,,
,,,,,,,,,,,,,
,,,,,,,,,,,,,
,,,,,,,,,,,,,
,,,,,,,,,,,,,
,,,,,,,,,,,,,
,,,,,,,,,,,,,
,,,,,,,,,,,,,
,,,,,,,,,,,,,
,,,,,,,,,,,,,
,,,,,,,,,,,,,
,,,,,,,,,,,,,
,,,,,,,,,,,,,
,,,,,,,,,,,,,
,,,,,,,,,,,,,
,,,,,,,,,,,,,
,,,,,,,,,,,,,
,,,,,,,,,,,,,
,,,,,,,,,,,,,
,,,,,,,,,,,,,
,,,,,,,,,,,,,
,,,,,,,,,,,,,
,,,,,,,,,,,,,
,,,,,,,,,,,,,
,,,,,,,,,,,,,
,,,,,,,,,,,,,
,,,,,,,,,,,,,
,,,,,,,,,,,,,
,,,,,,,,,,,,,
,,,,,,,,,,,,,
,,,,,,,,,,,,,
,,,,,,,,,,,,,
,,,,,,,,,,,,,
,,,,,,,,,,,,,
,,,,,,,,,,,,,
,,,,,,,,,,,,,
,,,,,,,,,,,,,
,,,,,,,,,,,,,
,,,,,,,,,,,,,
,,,,,,,,,,,,,
,,,,,,,,,,,,,
,,,,,,,,,,,,,
,,,,,,,,,,,,,
,,,,,,,,,,,,,
,,,,,,,,,,,,,
,,,,,,,,,,,,,
,,,,,,,,,,,,,
,,,,,,,,,,,,,
,,,,,,,,,,,,,
,,,,,,,,,,,,,
,,,,,,,,,,,,,
,,,,,,,,,,,,,
,,,,,,,,,,,,,
,,,,,,,,,,,,,
,,,,,,,,,,,,,
,,,,,,,,,,,,,
,,,,,,,,,,,,,
,,,,,,,,,,,,,
,,,,,,,,,,,,,
,,,,,,,,,,,,,
,,,,,,,,,,,,,
,,,,,,,,,,,,,
,,,,,,,,,,,,,
,,,,,,,,,,,,,
,,,,,,,,,,,,,
,,,,,,,,,,,,,
,,,,,,,,,,,,,
,,,,,,,,,,,,,
,,,,,,,,,,,,,
,,,,,,,,,,,,,
,,,,,,,,,,,,,
,,,,,,,,,,,,,
,,,,,,,,,,,,,
,,,,,,,,,,,,,
,,,,,,,,,,,,,
,,,,,,,,,,,,,
,,,,,,,,,,,,,
,,,,,,,,,,,,,
,,,,,,,,,,,,,
,,,,,,,,,,,,,
,,,,,,,,,,,,,
,,,,,,,,,,,,,
,,,,,,,,,,,,,
,,,,,,,,,,,,,
,,,,,,,,,,,,,
,,,,,,,,,,,,,
,,,,,,,,,,,,,
,,,,,,,,,,,,,
,,,,,,,,,,,,,
,,,,,,,,,,,,,
,,,,,,,,,,,,,
,,,,,,,,,,,,,
,,,,,,,,,,,,,
,,,,,,,,,,,,,
,,,,,,,,,,,,,
,,,,,,,,,,,,,
,,,,,,,,,,,,,
,,,,,,,,,,,,,
,,,,,,,,,,,,,
,,,,,,,,,,,,,
,,,,,,,,,,,,,
,,,,,,,,,,,,,
,,,,,,,,,,,,,
,,,,,,,,,,,,,
,,,,,,,,,,,,,
,,,,,,,,,,,,,
,,,,,,,,,,,,,
,,,,,,,,,,,,,
,,,,,,,,,,,,,
,,,,,,,,,,,,,
,,,,,,,,,,,,,
,,,,,,,,,,,,,
,,,,,,,,,,,,,
,,,,,,,,,,,,,
,,,,,,,,,,,,,
,,,,,,,,,,,,,
,,,,,,,,,,,,,
,,,,,,,,,,,,,
,,,,,,,,,,,,,
,,,,,,,,,,,,,
,,,,,,,,,,,,,
,,,,,,,,,,,,,
,,,,,,,,,,,,,
,,,,,,,,,,,,,
,,,,,,,,,,,,,
,,,,,,,,,,,,,
,,,,,,,,,,,,,
,,,,,,,,,,,,,
,,,,,,,,,,,,,
,,,,,,,,,,,,,
,,,,,,,,,,,,,
,,,,,,,,,,,,,
,,,,,,,,,,,,,
,,,,,,,,,,,,,
,,,,,,,,,,,,,
,,,,,,,,,,,,,
,,,,,,,,,,,,,
,,,,,,,,,,,,,
,,,,,,,,,,,,,
,,,,,,,,,,,,,
,,,,,,,,,,,,,
,,,,,,,,,,,,,
,,,,,,,,,,,,,
,,,,,,,,,,,,,
,,,,,,,,,,,,,
,,,,,,,,,,,,,
,,,,,,,,,,,,,
,,,,,,,,,,,,,
,,,,,,,,,,,,,
,,,,,,,,,,,,,
,,,,,,,,,,,,,
,,,,,,,,,,,,,
,,,,,,,,,,,,,
,,,,,,,,,,,,,
,,,,,,,,,,,,,
,,,,,,,,,,,,,
,,,,,,,,,,,,,
,,,,,,,,,,,,,
,,,,,,,,,,,,,
,,,,,,,,,,,,,
,,,,,,,,,,,,,
,,,,,,,,,,,,,
,,,,,,,,,,,,,
,,,,,,,,,,,,,
,,,,,,,,,,,,,
,,,,,,,,,,,,,
,,,,,,,,,,,,,
,,,,,,,,,,,,,
,,,,,,,,,,,,,
,,,,,,,,,,,,,
,,,,,,,,,,,,,
,,,,,,,,,,,,,
,,,,,,,,,,,,,
,,,,,,,,,,,,,
,,,,,,,,,,,,,
,,,,,,,,,,,,,
,,,,,,,,,,,,,
,,,,,,,,,,,,,
,,,,,,,,,,,,,
,,,,,,,,,,,,,
,,,,,,,,,,,,,
,,,,,,,,,,,,,
,,,,,,,,,,,,,
,,,,,,,,,,,,,
,,,,,,,,,,,,,
,,,,,,,,,,,,,
,,,,,,,,,,,,,
,,,,,,,,,,,,,
,,,,,,,,,,,,,
,,,,,,,,,,,,,
,,,,,,,,,,,,,
,,,,,,,,,,,,,
,,,,,,,,,,,,,
,,,,,,,,,,,,,
,,,,,,,,,,,,,
,,,,,,,,,,,,,
,,,,,,,,,,,,,
,,,,,,,,,,,,,
,,,,,,,,,,,,,
,,,,,,,,,,,,,
,,,,,,,,,,,,,
,,,,,,,,,,,,,
,,,,,,,,,,,,,
,,,,,,,,,,,,,
,,,,,,,,,,,,,
,,,,,,,,,,,,,
,,,,,,,,,,,,,
,,,,,,,,,,,,,
,,,,,,,,,,,,,
,,,,,,,,,,,,,
,,,,,,,,,,,,,
,,,,,,,,,,,,,
,,,,,,,,,,,,,
,,,,,,,,,,,,,
,,,,,,,,,,,,,
,,,,,,,,,,,,,
,,,,,,,,,,,,,
,,,,,,,,,,,,,
,,,,,,,,,,,,,
,,,,,,,,,,,,,
,,,,,,,,,,,,,
,,,,,,,,,,,,,
,,,,,,,,,,,,,
,,,,,,,,,,,,,
,,,,,,,,,,,,,
,,,,,,,,,,,,,
,,,,,,,,,,,,,
,,,,,,,,,,,,,
,,,,,,,,,,,,,
,,,,,,,,,,,,,
,,,,,,,,,,,,,
,,,,,,,,,,,,,
,,,,,,,,,,,,,
,,,,,,,,,,,,,
,,,,,,,,,,,,,
,,,,,,,,,,,,,
,,,,,,,,,,,,,
,,,,,,,,,,,,,
,,,,,,,,,,,,,
,,,,,,,,,,,,,
,,,,,,,,,,,,,
,,,,,,,,,,,,,
,,,,,,,,,,,,,
,,,,,,,,,,,,,
,,,,,,,,,,,,,
,,,,,,,,,,,,,
,,,,,,,,,,,,,
,,,,,,,,,,,,,
,,,,,,,,,,,,,
,,,,,,,,,,,,,
,,,,,,,,,,,,,
,,,,,,,,,,,,,
,,,,,,,,,,,,,
,,,,,,,,,,,,,
,,,,,,,,,,,,,
,,,,,,,,,,,,,
,,,,,,,,,,,,,
,,,,,,,,,,,,,
,,,,,,,,,,,,,
,,,,,,,,,,,,,
,,,,,,,,,,,,,
,,,,,,,,,,,,,
,,,,,,,,,,,,,
,,,,,,,,,,,,,
,,,,,,,,,,,,,
,,,,,,,,,,,,,
,,,,,,,,,,,,,
,,,,,,,,,,,,,
,,,,,,,,,,,,,
,,,,,,,,,,,,,
,,,,,,,,,,,,,
,,,,,,,,,,,,,
,,,,,,,,,,,,,
,,,,,,,,,,,,,
,,,,,,,,,,,,,
,,,,,,,,,,,,,
,,,,,,,,,,,,,
,,,,,,,,,,,,,
,,,,,,,,,,,,,
,,,,,,,,,,,,,
,,,,,,,,,,,,,
,,,,,,,,,,,,,
,,,,,,,,,,,,,
,,,,,,,,,,,,,
,,,,,,,,,,,,,
,,,,,,,,,,,,,
,,,,,,,,,,,,,
,,,,,,,,,,,,,
,,,,,,,,,,,,,
,,,,,,,,,,,,,
,,,,,,,,,,,,,
,,,,,,,,,,,,,
,,,,,,,,,,,,,
,,,,,,,,,,,,,
,,,,,,,,,,,,,
,,,,,,,,,,,,,
,,,,,,,,,,,,,
,,,,,,,,,,,,,
,,,,,,,,,,,,,
,,,,,,,,,,,,,
,,,,,,,,,,,,,
,,,,,,,,,,,,,
,,,,,,,,,,,,,
,,,,,,,,,,,,,
,,,,,,,,,,,,,
,,,,,,,,,,,,,
,,,,,,,,,,,,,
,,,,,,,,,,,,,
,,,,,,,,,,,,,
,,,,,,,,,,,,,
,,,,,,,,,,,,,
,,,,,,,,,,,,,
,,,,,,,,,,,,,
,,,,,,,,,,,,,
,,,,,,,,,,,,,
,,,,,,,,,,,,,
,,,,,,,,,,,,,
,,,,,,,,,,,,,
,,,,,,,,,,,,,
,,,,,,,,,,,,,
,,,,,,,,,,,,,
,,,,,,,,,,,,,
,,,,,,,,,,,,,
,,,,,,,,,,,,,
,,,,,,,,,,,,,
,,,,,,,,,,,,,
,,,,,,,,,,,,,
,,,,,,,,,,,,,
,,,,,,,,,,,,,
,,,,,,,,,,,,,
,,,,,,,,,,,,,
,,,,,,,,,,,,,
,,,,,,,,,,,,,
,,,,,,,,,,,,,
,,,,,,,,,,,,,
,,,,,,,,,,,,,
,,,,,,,,,,,,,
,,,,,,,,,,,,,
,,,,,,,,,,,,,
,,,,,,,,,,,,,
,,,,,,,,,,,,,
,,,,,,,,,,,,,
,,,,,,,,,,,,,
,,,,,,,,,,,,,
,,,,,,,,,,,,,
,,,,,,,,,,,,,
,,,,,,,,,,,,,
,,,,,,,,,,,,,
,,,,,,,,,,,,,
,,,,,,,,,,,,,
,,,,,,,,,,,,,
,,,,,,,,,,,,,
,,,,,,,,,,,,,
,,,,,,,,,,,,,
,,,,,,,,,,,,,
,,,,,,,,,,,,,
,,,,,,,,,,,,,
,,,,,,,,,,,,,
,,,,,,,,,,,,,
,,,,,,,,,,,,,
,,,,,,,,,,,,,
,,,,,,,,,,,,,
,,,,,,,,,,,,,
,,,,,,,,,,,,,
,,,,,,,,,,,,,
,,,,,,,,,,,,,
,,,,,,,,,,,,,
,,,,,,,,,,,,,
,,,,,,,,,,,,,
,,,,,,,,,,,,,
,,,,,,,,,,,,,
,,,,,,,,,,,,,
,,,,,,,,,,,,,
,,,,,,,,,,,,,
,,,,,,,,,,,,,
,,,,,,,,,,,,,
,,,,,,,,,,,,,
,,,,,,,,,,,,,
,,,,,,,,,,,,,
,,,,,,,,,,,,,
,,,,,,,,,,,,,
,,,,,,,,,,,,,
,,,,,,,,,,,,,
,,,,,,,,,,,,,
,,,,,,,,,,,,,
,,,,,,,,,,,,,
,,,,,,,,,,,,,
,,,,,,,,,,,,,
,,,,,,,,,,,,,
,,,,,,,,,,,,,
,,,,,,,,,,,,,
,,,,,,,,,,,,,
,,,,,,,,,,,,,
,,,,,,,,,,,,,
,,,,,,,,,,,,,
,,,,,,,,,,,,,
,,,,,,,,,,,,,
,,,,,,,,,,,,,
,,,,,,,,,,,,,
,,,,,,,,,,,,,
,,,,,,,,,,,,,
,,,,,,,,,,,,,
,,,,,,,,,,,,,
,,,,,,,,,,,,,
,,,,,,,,,,,,,
,,,,,,,,,,,,,
,,,,,,,,,,,,,
,,,,,,,,,,,,,
,,,,,,,,,,,,,
,,,,,,,,,,,,,
,,,,,,,,,,,,,
,,,,,,,,,,,,,
,,,,,,,,,,,,,
,,,,,,,,,,,,,
,,,,,,,,,,,,,
,,,,,,,,,,,,,
,,,,,,,,,,,,,
,,,,,,,,,,,,,
,,,,,,,,,,,,,
,,,,,,,,,,,,,
,,,,,,,,,,,,,
,,,,,,,,,,,,,
,,,,,,,,,,,,,
,,,,,,,,,,,,,
,,,,,,,,,,,,,
,,,,,,,,,,,,,
,,,,,,,,,,,,,
,,,,,,,,,,,,,
,,,,,,,,,,,,,
,,,,,,,,,,,,,
,,,,,,,,,,,,,
,,,,,,,,,,,,,
,,,,,,,,,,,,,
,,,,,,,,,,,,,
,,,,,,,,,,,,,
,,,,,,,,,,,,,
,,,,,,,,,,,,,
,,,,,,,,,,,,,
,,,,,,,,,,,,,
,,,,,,,,,,,,,
,,,,,,,,,,,,,
,,,,,,,,,,,,,
,,,,,,,,,,,,,
,,,,,,,,,,,,,
,,,,,,,,,,,,,
,,,,,,,,,,,,,
,,,,,,,,,,,,,
,,,,,,,,,,,,,
,,,,,,,,,,,,,
,,,,,,,,,,,,,
,,,,,,,,,,,,,
,,,,,,,,,,,,,
,,,,,,,,,,,,,
,,,,,,,,,,,,,
,,,,,,,,,,,,,
,,,,,,,,,,,,,
,,,,,,,,,,,,,
,,,,,,,,,,,,,
,,,,,,,,,,,,,
,,,,,,,,,,,,,
,,,,,,,,,,,,,
,,,,,,,,,,,,,
,,,,,,,,,,,,,
,,,,,,,,,,,,,
,,,,,,,,,,,,,
,,,,,,,,,,,,,
,,,,,,,,,,,,,
,,,,,,,,,,,,,
,,,,,,,,,,,,,
,,,,,,,,,,,,,
,,,,,,,,,,,,,
,,,,,,,,,,,,,
,,,,,,,,,,,,,
,,,,,,,,,,,,,
,,,,,,,,,,,,,
,,,,,,,,,,,,,
,,,,,,,,,,,,,
,,,,,,,,,,,,,
,,,,,,,,,,,,,
,,,,,,,,,,,,,
,,,,,,,,,,,,,
,,,,,,,,,,,,,
,,,,,,,,,,,,,
,,,,,,,,,,,,,
,,,,,,,,,,,,,
,,,,,,,,,,,,,
,,,,,,,,,,,,,
,,,,,,,,,,,,,
,,,,,,,,,,,,,
,,,,,,,,,,,,,
,,,,,,,,,,,,,
,,,,,,,,,,,,,
,,,,,,,,,,,,,
,,,,,,,,,,,,,
,,,,,,,,,,,,,
,,,,,,,,,,,,,
,,,,,,,,,,,,,
,,,,,,,,,,,,,
,,,,,,,,,,,,,
,,,,,,,,,,,,,
,,,,,,,,,,,,,
,,,,,,,,,,,,,
,,,,,,,,,,,,,
,,,,,,,,,,,,,
,,,,,,,,,,,,,
,,,,,,,,,,,,,
,,,,,,,,,,,,,
,,,,,,,,,,,,,
,,,,,,,,,,,,,
,,,,,,,,,,,,,
,,,,,,,,,,,,,
,,,,,,,,,,,,,
,,,,,,,,,,,,,
,,,,,,,,,,,,,
,,,,,,,,,,,,,
,,,,,,,,,,,,,
,,,,,,,,,,,,,
,,,,,,,,,,,,,
,,,,,,,,,,,,,
,,,,,,,,,,,,,
,,,,,,,,,,,,,
,,,,,,,,,,,,,
,,,,,,,,,,,,,
,,,,,,,,,,,,,
,,,,,,,,,,,,,
,,,,,,,,,,,,,
,,,,,,,,,,,,,
,,,,,,,,,,,,,
,,,,,,,,,,,,,
,,,,,,,,,,,,,
,,,,,,,,,,,,,
,,,,,,,,,,,,,
,,,,,,,,,,,,,
,,,,,,,,,,,,,
,,,,,,,,,,,,,
,,,,,,,,,,,,,
,,,,,,,,,,,,,
,,,,,,,,,,,,,
,,,,,,,,,,,,,
,,,,,,,,,,,,,
,,,,,,,,,,,,,
,,,,,,,,,,,,,
,,,,,,,,,,,,,
,,,,,,,,,,,,,
,,,,,,,,,,,,,
,,,,,,,,,,,,,
,,,,,,,,,,,,,
,,,,,,,,,,,,,
,,,,,,,,,,,,,
,,,,,,,,,,,,,
,,,,,,,,,,,,,
,,,,,,,,,,,,,
,,,,,,,,,,,,,
,,,,,,,,,,,,,
,,,,,,,,,,,,,
,,,,,,,,,,,,,
,,,,,,,,,,,,,
,,,,,,,,,,,,,
,,,,,,,,,,,,,
,,,,,,,,,,,,,
,,,,,,,,,,,,,
,,,,,,,,,,,,,
,,,,,,,,,,,,,
,,,,,,,,,,,,,
,,,,,,,,,,,,,
,,,,,,,,,,,,,
,,,,,,,,,,,,,
,,,,,,,,,,,,,
,,,,,,,,,,,,,
,,,,,,,,,,,,,
,,,,,,,,,,,,,
,,,,,,,,,,,,,
,,,,,,,,,,,,,
,,,,,,,,,,,,,
,,,,,,,,,,,,,
,,,,,,,,,,,,,
,,,,,,,,,,,,,
,,,,,,,,,,,,,
,,,,,,,,,,,,,
,,,,,,,,,,,,,
,,,,,,,,,,,,,
,,,,,,,,,,,,,
,,,,,,,,,,,,,
,,,,,,,,,,,,,
,,,,,,,,,,,,,
,,,,,,,,,,,,,
,,,,,,,,,,,,,
,,,,,,,,,,,,,
,,,,,,,,,,,,,
,,,,,,,,,,,,,
,,,,,,,,,,,,,
,,,,,,,,,,,,,
,,,,,,,,,,,,,
,,,,,,,,,,,,,
,,,,,,,,,,,,,
,,,,,,,,,,,,,
,,,,,,,,,,,,,
,,,,,,,,,,,,,
,,,,,,,,,,,,,
,,,,,,,,,,,,,
,,,,,,,,,,,,,
,,,,,,,,,,,,,
,,,,,,,,,,,,,
,,,,,,,,,,,,,
,,,,,,,,,,,,,
,,,,,,,,,,,,,
,,,,,,,,,,,,,
,,,,,,,,,,,,,
,,,,,,,,,,,,,
,,,,,,,,,,,,,
,,,,,,,,,,,,,
,,,,,,,,,,,,,
,,,,,,,,,,,,,
,,,,,,,,,,,,,
,,,,,,,,,,,,,
,,,,,,,,,,,,,
,,,,,,,,,,,,,
,,,,,,,,,,,,,
,,,,,,,,,,,,,
,,,,,,,,,,,,,
,,,,,,,,,,,,,
,,,,,,,,,,,,,
,,,,,,,,,,,,,
,,,,,,,,,,,,,
,,,,,,,,,,,,,
,,,,,,,,,,,,,
,,,,,,,,,,,,,
,,,,,,,,,,,,,
,,,,,,,,,,,,,
,,,,,,,,,,,,,
,,,,,,,,,,,,,
,,,,,,,,,,,,,
,,,,,,,,,,,,,
,,,,,,,,,,,,,
,,,,,,,,,,,,,
,,,,,,,,,,,,,
,,,,,,,,,,,,,
,,,,,,,,,,,,,
,,,,,,,,,,,,,
,,,,,,,,,,,,,
,,,,,,,,,,,,,
,,,,,,,,,,,,,
,,,,,,,,,,,,,
,,,,,,,,,,,,,
,,,,,,,,,,,,,
,,,,,,,,,,,,,
,,,,,,,,,,,,,
,,,,,,,,,,,,,
,,,,,,,,,,,,,
,,,,,,,,,,,,,
,,,,,,,,,,,,,
,,,,,,,,,,,,,
,,,,,,,,,,,,,
,,,,,,,,,,,,,
,,,,,,,,,,,,,
,,,,,,,,,,,,,
,,,,,,,,,,,,,
,,,,,,,,,,,,,
,,,,,,,,,,,,,
,,,,,,,,,,,,,
,,,,,,,,,,,,,
,,,,,,,,,,,,,
,,,,,,,,,,,,,
,,,,,,,,,,,,,
,,,,,,,,,,,,,
,,,,,,,,,,,,,
,,,,,,,,,,,,,
,,,,,,,,,,,,,
,,,,,,,,,,,,,
,,,,,,,,,,,,,
,,,,,,,,,,,,,
,,,,,,,,,,,,,
,,,,,,,,,,,,,
,,,,,,,,,,,,,
,,,,,,,,,,,,,
,,,,,,,,,,,,,
,,,,,,,,,,,,,
,,,,,,,,,,,,,
,,,,,,,,,,,,,
,,,,,,,,,,,,,
,,,,,,,,,,,,,
,,,,,,,,,,,,,
,,,,,,,,,,,,,
,,,,,,,,,,,,,
,,,,,,,,,,,,,
,,,,,,,,,,,,,
,,,,,,,,,,,,,
,,,,,,,,,,,,,
,,,,,,,,,,,,,
,,,,,,,,,,,,,
,,,,,,,,,,,,,
,,,,,,,,,,,,,
,,,,,,,,,,,,,
,,,,,,,,,,,,,
,,,,,,,,,,,,,
,,,,,,,,,,,,,
,,,,,,,,,,,,,
,,,,,,,,,,,,,
,,,,,,,,,,,,,
,,,,,,,,,,,,,
,,,,,,,,,,,,,
,,,,,,,,,,,,,
,,,,,,,,,,,,,
,,,,,,,,,,,,,
,,,,,,,,,,,,,
,,,,,,,,,,,,,
,,,,,,,,,,,,,
,,,,,,,,,,,,,
,,,,,,,,,,,,,
,,,,,,,,,,,,,
,,,,,,,,,,,,,
,,,,,,,,,,,,,
,,,,,,,,,,,,,
,,,,,,,,,,,,,
,,,,,,,,,,,,,
,,,,,,,,,,,,,
,,,,,,,,,,,,,
,,,,,,,,,,,,,
,,,,,,,,,,,,,
,,,,,,,,,,,,,
,,,,,,,,,,,,,
,,,,,,,,,,,,,
,,,,,,,,,,,,,
,,,,,,,,,,,,,
,,,,,,,,,,,,,
,,,,,,,,,,,,,
,,,,,,,,,,,,,
,,,,,,,,,,,,,
,,,,,,,,,,,,,
,,,,,,,,,,,,,
,,,,,,,,,,,,,
,,,,,,,,,,,,,
,,,,,,,,,,,,,
,,,,,,,,,,,,,
,,,,,,,,,,,,,
,,,,,,,,,,,,,
,,,,,,,,,,,,,
,,,,,,,,,,,,,
,,,,,,,,,,,,,
,,,,,,,,,,,,,
,,,,,,,,,,,,,
,,,,,,,,,,,,,
,,,,,,,,,,,,,
,,,,,,,,,,,,,
,,,,,,,,,,,,,
,,,,,,,,,,,,,
,,,,,,,,,,,,,
,,,,,,,,,,,,,
,,,,,,,,,,,,,
,,,,,,,,,,,,,
,,,,,,,,,,,,,
,,,,,,,,,,,,,
,,,,,,,,,,,,,
,,,,,,,,,,,,,
,,,,,,,,,,,,,
,,,,,,,,,,,,,
,,,,,,,,,,,,,
,,,,,,,,,,,,,
,,,,,,,,,,,,,
,,,,,,,,,,,,,
,,,,,,,,,,,,,
,,,,,,,,,,,,,
,,,,,,,,,,,,,
,,,,,,,,,,,,,
,,,,,,,,,,,,,
,,,,,,,,,,,,,
,,,,,,,,,,,,,
,,,,,,,,,,,,,
,,,,,,,,,,,,,
,,,,,,,,,,,,,
,,,,,,,,,,,,,
,,,,,,,,,,,,,
,,,,,,,,,,,,,
,,,,,,,,,,,,,
,,,,,,,,,,,,,
,,,,,,,,,,,,,
,,,,,,,,,,,,,
,,,,,,,,,,,,,
,,,,,,,,,,,,,
,,,,,,,,,,,,,
,,,,,,,,,,,,,
,,,,,,,,,,,,,
,,,,,,,,,,,,,
,,,,,,,,,,,,,
,,,,,,,,,,,,,
,,,,,,,,,,,,,
